Date,bitcoin_indegree,bitcoin_outdegree,bitcoin_pagerank,bitcoin_eigenvector,dogecoin_indegree,dogecoin_outdegree,dogecoin_pagerank,dogecoin_eigenvector,stellar_indegree,stellar_outdegree,stellar_pagerank,stellar_eigenvector,ripple_indegree,ripple_outdegree,ripple_pagerank,ripple_eigenvector,litecoin_indegree,litecoin_outdegree,litecoin_pagerank,litecoin_eigenvector,tether_indegree,tether_outdegree,tether_pagerank,tether_eigenvector,ethereum_indegree,ethereum_outdegree,ethereum_pagerank,ethereum_eigenvector,bitcoin-cash_indegree,bitcoin-cash_outdegree,bitcoin-cash_pagerank,bitcoin-cash_eigenvector,binancecoin_indegree,binancecoin_outdegree,binancecoin_pagerank,binancecoin_eigenvector,cardano_indegree,cardano_outdegree,cardano_pagerank,cardano_eigenvector,tron_indegree,tron_outdegree,tron_pagerank,tron_eigenvector,chainlink_indegree,chainlink_outdegree,chainlink_pagerank,chainlink_eigenvector,weth_indegree,weth_outdegree,weth_pagerank,weth_eigenvector,usd-coin_indegree,usd-coin_outdegree,usd-coin_pagerank,usd-coin_eigenvector
2024-12-22,0.0,0.0,0.0,0.0,0.0,0.0,0.0,0.0,0.0,0.0,0.0,0.0,0.0,0.0,0.0,0.0,0.0,0.0,0.0,0.0,0.0,0.0,0.0,0.0,0.0,0.0,0.0,0.0,0.0,0.0,0.0,0.0,0.0,0.0,0.0,0.0,0.0,0.0,0.0,0.0,0.0,0.0,0.0,0.0,0.0,0.0,0.0,0.0,0.0,0.0,0.0,0.0,0.0,0.0,0.0,0.0
2024-12-23,0.0,0.0,0.0,0.0,0.0,0.0,0.0,0.0,0.0,0.0,0.0,0.0,0.0,0.0,0.0,0.0,0.0,0.0,0.0,0.0,0.0,0.0,0.0,0.0,0.0,0.0,0.0,0.0,0.0,0.0,0.0,0.0,0.0,0.0,0.0,0.0,0.0,0.0,0.0,0.0,0.0,0.0,0.0,0.0,0.0,0.0,0.0,0.0,0.0,0.0,0.0,0.0,0.0,0.0,0.0,0.0
2024-12-24,0.0,0.0,0.0,0.0,0.0,0.0,0.0,0.0,0.0,0.0,0.0,0.0,0.0,0.0,0.0,0.0,0.0,0.0,0.0,0.0,0.0,0.0,0.0,0.0,0.0,0.0,0.0,0.0,0.0,0.0,0.0,0.0,0.0,0.0,0.0,0.0,0.0,0.0,0.0,0.0,0.0,0.0,0.0,0.0,0.0,0.0,0.0,0.0,0.0,0.0,0.0,0.0,0.0,0.0,0.0,0.0
2024-12-25,0.0,0.0,0.0,0.0,0.0,0.0,0.0,0.0,0.0,0.0,0.0,0.0,0.0,0.0,0.0,0.0,0.0,0.0,0.0,0.0,0.0,0.0,0.0,0.0,0.0,0.0,0.0,0.0,0.0,0.0,0.0,0.0,0.0,0.0,0.0,0.0,0.0,0.0,0.0,0.0,0.0,0.0,0.0,0.0,0.0,0.0,0.0,0.0,0.0,0.0,0.0,0.0,0.0,0.0,0.0,0.0
2024-12-26,0.0,0.0,0.0,0.0,0.0,0.0,0.0,0.0,0.0,0.0,0.0,0.0,0.0,0.0,0.0,0.0,0.0,0.0,0.0,0.0,0.0,0.0,0.0,0.0,0.0,0.0,0.0,0.0,0.0,0.0,0.0,0.0,0.0,0.0,0.0,0.0,0.0,0.0,0.0,0.0,0.0,0.0,0.0,0.0,0.0,0.0,0.0,0.0,0.0,0.0,0.0,0.0,0.0,0.0,0.0,0.0
2024-12-27,0.0,0.0,0.0,0.0,0.0,0.0,0.0,0.0,0.0,0.0,0.0,0.0,0.0,0.0,0.0,0.0,0.0,0.0,0.0,0.0,0.0,0.0,0.0,0.0,0.0,0.0,0.0,0.0,0.0,0.0,0.0,0.0,0.0,0.0,0.0,0.0,0.0,0.0,0.0,0.0,0.0,0.0,0.0,0.0,0.0,0.0,0.0,0.0,0.0,0.0,0.0,0.0,0.0,0.0,0.0,0.0
2024-12-28,0.0,0.0,0.0,0.0,0.0,0.0,0.0,0.0,0.0,0.0,0.0,0.0,0.0,0.0,0.0,0.0,0.0,0.0,0.0,0.0,0.0,0.0,0.0,0.0,0.0,0.0,0.0,0.0,0.0,0.0,0.0,0.0,0.0,0.0,0.0,0.0,0.0,0.0,0.0,0.0,0.0,0.0,0.0,0.0,0.0,0.0,0.0,0.0,0.0,0.0,0.0,0.0,0.0,0.0,0.0,0.0
2024-12-29,0.0,0.0,0.0,0.0,0.0,0.0,0.0,0.0,0.0,0.0,0.0,0.0,0.0,0.0,0.0,0.0,0.0,0.0,0.0,0.0,0.0,0.0,0.0,0.0,0.0,0.0,0.0,0.0,0.0,0.0,0.0,0.0,0.0,0.0,0.0,0.0,0.0,0.0,0.0,0.0,0.0,0.0,0.0,0.0,0.0,0.0,0.0,0.0,0.0,0.0,0.0,0.0,0.0,0.0,0.0,0.0
2024-12-30,0.0,0.0,0.0,0.0,0.0,0.0,0.0,0.0,0.0,0.0,0.0,0.0,0.0,0.0,0.0,0.0,0.0,0.0,0.0,0.0,0.0,0.0,0.0,0.0,0.0,0.0,0.0,0.0,0.0,0.0,0.0,0.0,0.0,0.0,0.0,0.0,0.0,0.0,0.0,0.0,0.0,0.0,0.0,0.0,0.0,0.0,0.0,0.0,0.0,0.0,0.0,0.0,0.0,0.0,0.0,0.0
2024-12-31,0.0,0.0,0.0,0.0,0.0,0.0,0.0,0.0,0.0,0.0,0.0,0.0,0.0,0.0,0.0,0.0,0.0,0.0,0.0,0.0,0.0,0.0,0.0,0.0,0.0,0.0,0.0,0.0,0.0,0.0,0.0,0.0,0.0,0.0,0.0,0.0,0.0,0.0,0.0,0.0,0.0,0.0,0.0,0.0,0.0,0.0,0.0,0.0,0.0,0.0,0.0,0.0,0.0,0.0,0.0,0.0
2025-01-01,0.0,0.0,0.0,0.0,0.0,0.0,0.0,0.0,0.0,0.0,0.0,0.0,0.0,0.0,0.0,0.0,0.0,0.0,0.0,0.0,0.0,0.0,0.0,0.0,0.0,0.0,0.0,0.0,0.0,0.0,0.0,0.0,0.0,0.0,0.0,0.0,0.0,0.0,0.0,0.0,0.0,0.0,0.0,0.0,0.0,0.0,0.0,0.0,0.0,0.0,0.0,0.0,0.0,0.0,0.0,0.0
2025-01-02,0.0,0.0,0.0,0.0,0.0,0.0,0.0,0.0,0.0,0.0,0.0,0.0,0.0,0.0,0.0,0.0,0.0,0.0,0.0,0.0,0.0,0.0,0.0,0.0,0.0,0.0,0.0,0.0,0.0,0.0,0.0,0.0,0.0,0.0,0.0,0.0,0.0,0.0,0.0,0.0,0.0,0.0,0.0,0.0,0.0,0.0,0.0,0.0,0.0,0.0,0.0,0.0,0.0,0.0,0.0,0.0
2025-01-03,0.0,0.0,0.0,0.0,0.0,0.0,0.0,0.0,0.0,0.0,0.0,0.0,0.0,0.0,0.0,0.0,0.0,0.0,0.0,0.0,0.0,0.0,0.0,0.0,0.0,0.0,0.0,0.0,0.0,0.0,0.0,0.0,0.0,0.0,0.0,0.0,0.0,0.0,0.0,0.0,0.0,0.0,0.0,0.0,0.0,0.0,0.0,0.0,0.0,0.0,0.0,0.0,0.0,0.0,0.0,0.0
2025-01-04,0.0,0.0,0.0,0.0,0.0,0.0,0.0,0.0,0.0,0.0,0.0,0.0,0.0,0.0,0.0,0.0,0.0,0.0,0.0,0.0,0.0,0.0,0.0,0.0,0.0,0.0,0.0,0.0,0.0,0.0,0.0,0.0,0.0,0.0,0.0,0.0,0.0,0.0,0.0,0.0,0.0,0.0,0.0,0.0,0.0,0.0,0.0,0.0,0.0,0.0,0.0,0.0,0.0,0.0,0.0,0.0
2025-01-05,5.0,13.0,0.0368975142008238,0.2672612419124244,11.0,13.0,0.06995167845907319,0.2672612419124244,13.0,13.0,0.1252618262876008,0.2672612419124244,5.0,13.0,0.0368975142008238,0.2672612419124244,7.0,11.0,0.042602125403636525,0.2672612419124244,11.0,8.0,0.06736762376786784,0.2672612419124244,11.0,8.0,0.06736762376786784,0.2672612419124244,13.0,3.0,0.10398869250739787,0.2672612419124244,11.0,8.0,0.06736762376786784,0.2672612419124244,7.0,13.0,0.043077509670537584,0.2672612419124244,7.0,11.0,0.042602125403636525,0.2672612419124244,13.0,13.0,0.1252618262876008,0.2672612419124244,11.0,8.0,0.06736762376786784,0.2672612419124244,13.0,3.0,0.10398869250739785,0.2672612419124244
2025-01-06,6.0,13.0,0.03930056648717945,0.2672612419124244,13.0,13.0,0.106433544149987,0.2672612419124244,13.0,13.0,0.106433544149987,0.2672612419124244,6.0,13.0,0.03930056648717945,0.2672612419124244,11.0,9.0,0.06729152454502191,0.2672612419124244,11.0,9.0,0.06729152454502191,0.2672612419124244,11.0,9.0,0.06729152454502191,0.2672612419124244,13.0,4.0,0.09351973943810585,0.2672612419124244,11.0,9.0,0.06729152454502191,0.2672612419124244,6.0,13.0,0.03930056648717945,0.2672612419124244,6.0,13.0,0.03930056648717945,0.2672612419124244,13.0,13.0,0.106433544149987,0.2672612419124244,11.0,9.0,0.06729152454502191,0.2672612419124244,13.0,4.0,0.09351973943810585,0.2672612419124244
2025-01-07,11.0,11.0,0.06487858633148834,0.2672612419124244,13.0,13.0,0.1010069915794276,0.2672612419124244,13.0,13.0,0.1010069915794276,0.2672612419124244,11.0,11.0,0.06487858633148834,0.2672612419124244,11.0,11.0,0.06487858633148834,0.2672612419124244,11.0,11.0,0.06487858633148834,0.2672612419124244,11.0,11.0,0.06487858633148834,0.2672612419124244,13.0,4.0,0.08875160286441254,0.2672612419124244,11.0,11.0,0.06487858633148834,0.2672612419124244,4.0,13.0,0.03266285760623686,0.2672612419124244,4.0,13.0,0.03266285760623686,0.2672612419124244,13.0,13.0,0.10100699157942758,0.2672612419124244,11.0,11.0,0.06487858633148834,0.2672612419124244,13.0,4.0,0.08875160286441255,0.2672612419124244
2025-01-08,13.0,7.0,0.09297275757622156,0.2672612419124244,13.0,13.0,0.09786354026543442,0.2672612419124244,13.0,13.0,0.09786354026543442,0.2672612419124244,13.0,7.0,0.09297275757622156,0.2672612419124244,13.0,7.0,0.09297275757622156,0.2672612419124244,8.0,11.0,0.04438479728459547,0.2672612419124244,8.0,11.0,0.04438479728459547,0.2672612419124244,13.0,7.0,0.09297275757622157,0.2672612419124244,4.0,13.0,0.032003201092103514,0.2672612419124244,4.0,13.0,0.032003201092103514,0.2672612419124244,8.0,11.0,0.04438479728459547,0.2672612419124244,13.0,13.0,0.09786354026543444,0.2672612419124244,8.0,11.0,0.04438479728459547,0.2672612419124244,13.0,7.0,0.09297275757622157,0.2672612419124244
2025-01-09,13.0,6.0,0.09455490427284356,0.2672612419124244,13.0,13.0,0.10132509213790636,0.2672612419124244,13.0,13.0,0.10132509213790636,0.2672612419124244,13.0,6.0,0.09455490427284356,0.2672612419124244,9.0,11.0,0.050469114147623145,0.2672612419124244,9.0,11.0,0.050469114147623145,0.2672612419124244,9.0,11.0,0.050469114147623145,0.2672612419124244,13.0,6.0,0.09455490427284358,0.2672612419124244,4.0,13.0,0.0327297678783955,0.2672612419124244,4.0,13.0,0.0327297678783955,0.2672612419124244,9.0,11.0,0.05046911414762314,0.2672612419124244,13.0,13.0,0.10132509213790636,0.2672612419124244,9.0,11.0,0.05046911414762314,0.2672612419124244,13.0,6.0,0.09455490427284356,0.2672612419124244
2025-01-10,13.0,6.0,0.09676876720160425,0.2672612419124244,13.0,13.0,0.10369744616497531,0.2672612419124244,13.0,13.0,0.10369744616497531,0.2672612419124244,13.0,6.0,0.09676876720160425,0.2672612419124244,6.0,12.0,0.038509471737355666,0.2672612419124244,9.0,9.0,0.05084050704646443,0.2672612419124244,9.0,9.0,0.05084050704646443,0.2672612419124244,13.0,6.0,0.09676876720160425,0.2672612419124244,4.0,13.0,0.03358570570594011,0.2672612419124244,6.0,13.0,0.03870642237861229,0.2672612419124244,6.0,12.0,0.038509471737355666,0.2672612419124244,13.0,13.0,0.10369744616497531,0.2672612419124244,9.0,9.0,0.05084050704646443,0.2672612419124244,13.0,6.0,0.09676876720160425,0.2672612419124244
2025-01-11,13.0,6.0,0.09790667025710735,0.2672612419124244,13.0,13.0,0.10491683670099687,0.2672612419124244,13.0,13.0,0.10491683670099687,0.2672612419124244,13.0,6.0,0.09790667025710735,0.2672612419124244,5.0,13.0,0.036001996366716575,0.2672612419124244,9.0,8.0,0.05088931080405642,0.2672612419124244,9.0,8.0,0.05088931080405642,0.2672612419124244,13.0,6.0,0.09790667025710735,0.2672612419124244,5.0,13.0,0.036001996366716575,0.2672612419124244,5.0,13.0,0.036001996366716575,0.2672612419124244,7.0,10.0,0.041919099080158735,0.2672612419124244,13.0,13.0,0.10491683670099687,0.2672612419124244,7.0,10.0,0.041919099080158735,0.2672612419124244,13.0,6.0,0.09790667025710734,0.2672612419124244
2025-01-12,13.0,5.0,0.1074571151453783,0.2672612419124244,9.0,13.0,0.04942232164483751,0.2672612419124244,13.0,13.0,0.11800889578184028,0.2672612419124244,9.0,8.0,0.0475966474251162,0.2672612419124244,6.0,13.0,0.03680078444104713,0.2672612419124244,13.0,5.0,0.10745711514537831,0.2672612419124244,9.0,8.0,0.0475966474251162,0.2672612419124244,13.0,5.0,0.10745711514537831,0.2672612419124244,7.0,13.0,0.03992881570228672,0.2672612419124244,6.0,13.0,0.03680078444104713,0.2672612419124244,6.0,13.0,0.03680078444104713,0.2672612419124244,13.0,13.0,0.11800889578184028,0.2672612419124244,7.0,10.0,0.03920696233430835,0.2672612419124244,13.0,5.0,0.10745711514537831,0.2672612419124244
2025-01-13,10.0,7.0,0.05061272965639094,0.2672612419124244,8.0,13.0,0.041737815861405236,0.2672612419124244,10.0,13.0,0.05327520379488664,0.2672612419124244,8.0,12.0,0.0415254405543563,0.2672612419124244,8.0,13.0,0.041737815861405236,0.2672612419124244,13.0,3.0,0.13098051636409408,0.2672612419124244,10.0,7.0,0.05061272965639094,0.2672612419124244,13.0,3.0,0.13098051636409408,0.2672612419124244,10.0,13.0,0.05327520379488664,0.2672612419124244,8.0,12.0,0.0415254405543563,0.2672612419124244,5.0,13.0,0.0334551788864967,0.2672612419124244,13.0,13.0,0.1577754517327863,0.2672612419124244,8.0,12.0,0.0415254405543563,0.2672612419124244,13.0,3.0,0.13098051636409408,0.2672612419124244
2025-01-14,9.0,11.0,0.04888492344505777,0.2672612419124244,9.0,13.0,0.04943040616678261,0.2672612419124244,11.0,13.0,0.06967882061278213,0.2672612419124244,9.0,11.0,0.04888492344505777,0.2672612419124244,9.0,13.0,0.04943040616678261,0.2672612419124244,13.0,2.0,0.1291041770513954,0.2672612419124244,11.0,5.0,0.06344853924478228,0.2672612419124244,11.0,5.0,0.06344853924478228,0.2672612419124244,9.0,13.0,0.04943040616678261,0.2672612419124244,6.0,13.0,0.03879349309314816,0.2672612419124244,6.0,13.0,0.03879349309314816,0.2672612419124244,13.0,13.0,0.17268277177304509,0.2672612419124244,9.0,11.0,0.04888492344505777,0.2672612419124244,13.0,2.0,0.12910417705139537,0.2672612419124244
2025-01-15,8.0,13.0,0.04758433550812105,0.2672612419124244,8.0,13.0,0.04758433550812105,0.2672612419124244,13.0,13.0,0.12788098306334006,0.2672612419124244,10.0,8.0,0.056722430242970724,0.2672612419124244,10.0,13.0,0.0588981670846016,0.2672612419124244,13.0,3.0,0.10616296400143878,0.2672612419124244,10.0,8.0,0.056722430242970724,0.2672612419124244,11.0,4.0,0.0627492336746924,0.2672612419124244,10.0,13.0,0.0588981670846016,0.2672612419124244,8.0,13.0,0.04758433550812105,0.2672612419124244,8.0,13.0,0.04758433550812105,0.2672612419124244,13.0,13.0,0.12788098306334006,0.2672612419124244,8.0,13.0,0.04758433550812105,0.2672612419124244,13.0,3.0,0.10616296400143878,0.2672612419124244
2025-01-16,8.0,13.0,0.04843079268365977,0.2672612419124244,11.0,13.0,0.06331016603104954,0.2672612419124244,13.0,13.0,0.11336929610103419,0.2672612419124244,11.0,10.0,0.062165598850481105,0.2672612419124244,11.0,13.0,0.06331016603104954,0.2672612419124244,13.0,3.0,0.09411578453565549,0.2672612419124244,11.0,10.0,0.062165598850481105,0.2672612419124244,11.0,10.0,0.062165598850481105,0.2672612419124244,11.0,13.0,0.06331016603104955,0.2672612419124244,8.0,13.0,0.04843079268365977,0.2672612419124244,11.0,13.0,0.06331016603104955,0.2672612419124244,13.0,13.0,0.11336929610103418,0.2672612419124244,8.0,13.0,0.04843079268365977,0.2672612419124244,13.0,3.0,0.09411578453565546,0.2672612419124244
2025-01-17,9.0,13.0,0.05254856270441763,0.2672612419124244,11.0,13.0,0.062311735070679906,0.2672612419124244,11.0,13.0,0.062311735070679906,0.2672612419124244,11.0,10.0,0.06118521518226504,0.2672612419124244,13.0,13.0,0.11158119832113879,0.2672612419124244,13.0,3.0,0.09263140476327,0.2672612419124244,11.0,10.0,0.06118521518226504,0.2672612419124244,9.0,13.0,0.05254856270441763,0.2672612419124244,11.0,13.0,0.062311735070679906,0.2672612419124244,11.0,13.0,0.062311735070679906,0.2672612419124244,11.0,13.0,0.062311735070679906,0.2672612419124244,13.0,13.0,0.1115811983211388,0.2672612419124244,9.0,13.0,0.05254856270441763,0.2672612419124244,13.0,3.0,0.09263140476327,0.2672612419124244
2025-01-18,10.0,13.0,0.056461466543666815,0.2672612419124244,11.0,13.0,0.061793970041634776,0.2672612419124244,11.0,13.0,0.061793970041634776,0.2672612419124244,10.0,13.0,0.056461466543666815,0.2672612419124244,13.0,13.0,0.11065391404898431,0.2672612419124244,13.0,3.0,0.0918616278923114,0.2672612419124244,11.0,9.0,0.06015319973456772,0.2672612419124244,10.0,13.0,0.056461466543666815,0.2672612419124244,11.0,13.0,0.061793970041634776,0.2672612419124244,11.0,13.0,0.061793970041634776,0.2672612419124244,11.0,13.0,0.061793970041634776,0.2672612419124244,13.0,13.0,0.11065391404898431,0.2672612419124244,10.0,13.0,0.056461466543666815,0.2672612419124244,13.0,3.0,0.0918616278923114,0.2672612419124244
2025-01-19,10.0,13.0,0.057774690475023406,0.2672612419124244,11.0,13.0,0.06268551785976882,0.2672612419124244,11.0,13.0,0.06268551785976882,0.2672612419124244,10.0,13.0,0.057774690475023406,0.2672612419124244,13.0,13.0,0.08836395356950288,0.2672612419124244,13.0,5.0,0.08046289642804627,0.2672612419124244,11.0,10.0,0.06155225000175066,0.2672612419124244,11.0,13.0,0.06268551785976884,0.2672612419124244,11.0,13.0,0.06268551785976884,0.2672612419124244,13.0,13.0,0.08836395356950288,0.2672612419124244,13.0,13.0,0.08836395356950288,0.2672612419124244,13.0,13.0,0.08836395356950288,0.2672612419124244,10.0,13.0,0.057774690475023406,0.2672612419124244,13.0,5.0,0.08046289642804626,0.2672612419124244
2025-01-20,10.0,13.0,0.05858021486516403,0.2672612419124244,11.0,13.0,0.0635593943160261,0.2672612419124244,11.0,13.0,0.0635593943160261,0.2672612419124244,10.0,13.0,0.05858021486516403,0.2672612419124244,13.0,13.0,0.09016734269748135,0.2672612419124244,12.0,5.0,0.06771518173520104,0.2672612419124244,11.0,10.0,0.0624103529042887,0.2672612419124244,11.0,13.0,0.0635593943160261,0.2672612419124244,11.0,13.0,0.0635593943160261,0.2672612419124244,13.0,13.0,0.09016734269748135,0.2672612419124244,13.0,13.0,0.09016734269748135,0.2672612419124244,13.0,13.0,0.09016734269748135,0.2672612419124244,10.0,13.0,0.05858021486516403,0.2672612419124244,13.0,4.0,0.07922687271098877,0.2672612419124244
2025-01-21,10.0,13.0,0.05838385184911394,0.2672612419124244,10.0,13.0,0.05838385184911394,0.2672612419124244,12.0,13.0,0.07056202692412872,0.2672612419124244,10.0,13.0,0.05838385184911394,0.2672612419124244,13.0,13.0,0.08555647163858236,0.2672612419124244,12.0,9.0,0.0686884615279726,0.2672612419124244,12.0,9.0,0.0686884615279726,0.2672612419124244,12.0,13.0,0.07056202692412872,0.2672612419124244,12.0,13.0,0.07056202692412872,0.2672612419124244,13.0,13.0,0.08555647163858239,0.2672612419124244,13.0,13.0,0.08555647163858239,0.2672612419124244,13.0,13.0,0.08555647163858239,0.2672612419124244,10.0,13.0,0.05838385184911394,0.2672612419124244,13.0,4.0,0.0751757022208837,0.2672612419124244
2025-01-22,11.0,13.0,0.0628250551415402,0.2672612419124244,11.0,13.0,0.0628250551415402,0.2672612419124244,12.0,13.0,0.06875851883683858,0.2672612419124244,12.0,13.0,0.06875851883683858,0.2672612419124244,13.0,13.0,0.08336965345526877,0.2672612419124244,11.0,13.0,0.0628250551415402,0.2672612419124244,12.0,9.0,0.06693283769982368,0.2672612419124244,12.0,13.0,0.06875851883683858,0.2672612419124244,12.0,13.0,0.06875851883683858,0.2672612419124244,13.0,13.0,0.08336965345526877,0.2672612419124244,13.0,13.0,0.08336965345526877,0.2672612419124244,13.0,13.0,0.08336965345526877,0.2672612419124244,11.0,13.0,0.0628250551415402,0.2672612419124244,13.0,4.0,0.07325425256558633,0.2672612419124244
2025-01-23,11.0,13.0,0.06278244373843202,0.2672612419124244,11.0,13.0,0.06278244373843202,0.2672612419124244,12.0,13.0,0.06945304069092813,0.2672612419124244,12.0,13.0,0.06945304069092813,0.2672612419124244,13.0,13.0,0.08421176177888905,0.2672612419124244,11.0,13.0,0.06278244373843202,0.2672612419124244,12.0,8.0,0.06688742647842963,0.2672612419124244,12.0,13.0,0.06945304069092813,0.2672612419124244,11.0,13.0,0.06278244373843202,0.2672612419124244,13.0,13.0,0.08421176177888902,0.2672612419124244,13.0,13.0,0.08421176177888902,0.2672612419124244,13.0,13.0,0.08421176177888902,0.2672612419124244,11.0,13.0,0.06278244373843202,0.2672612419124244,13.0,4.0,0.07399418564106995,0.2672612419124244
2025-01-24,11.0,13.0,0.0628250551415402,0.2672612419124244,12.0,9.0,0.0669328376998237,0.2672612419124244,12.0,13.0,0.06875851883683859,0.2672612419124244,13.0,13.0,0.08044742653158274,0.2672612419124244,13.0,13.0,0.08044742653158274,0.2672612419124244,12.0,13.0,0.06875851883683858,0.2672612419124244,11.0,13.0,0.0628250551415402,0.2672612419124244,12.0,13.0,0.06875851883683859,0.2672612419124244,11.0,13.0,0.0628250551415402,0.2672612419124244,13.0,13.0,0.08044742653158275,0.2672612419124244,13.0,13.0,0.08044742653158275,0.2672612419124244,13.0,13.0,0.08044742653158275,0.2672612419124244,11.0,13.0,0.0628250551415402,0.2672612419124244,13.0,5.0,0.07325425256558635,0.2672612419124244
2025-01-25,10.0,13.0,0.05751863215953453,0.2672612419124244,13.0,9.0,0.07555003491569348,0.2672612419124244,10.0,13.0,0.05751863215953453,0.2672612419124244,13.0,13.0,0.0776107666592545,0.2672612419124244,13.0,13.0,0.0776107666592545,0.2672612419124244,13.0,13.0,0.0776107666592545,0.2672612419124244,10.0,13.0,0.057518632159534525,0.2672612419124244,13.0,13.0,0.0776107666592545,0.2672612419124244,13.0,9.0,0.07555003491569347,0.2672612419124244,13.0,13.0,0.0776107666592545,0.2672612419124244,13.0,13.0,0.0776107666592545,0.2672612419124244,13.0,13.0,0.0776107666592545,0.2672612419124244,10.0,13.0,0.05751863215953453,0.2672612419124244,13.0,9.0,0.07555003491569347,0.2672612419124244
2025-01-26,10.0,13.0,0.057774690475023385,0.2672612419124244,13.0,10.0,0.07415934761928104,0.2672612419124244,10.0,13.0,0.057774690475023385,0.2672612419124244,13.0,13.0,0.07552473571463585,0.2672612419124244,13.0,13.0,0.07552473571463585,0.2672612419124244,13.0,13.0,0.07552473571463585,0.2672612419124244,13.0,13.0,0.07552473571463585,0.2672612419124244,13.0,13.0,0.07552473571463585,0.2672612419124244,13.0,10.0,0.07415934761928106,0.2672612419124244,13.0,13.0,0.07552473571463586,0.2672612419124244,13.0,13.0,0.07552473571463586,0.2672612419124244,13.0,13.0,0.07552473571463586,0.2672612419124244,10.0,13.0,0.05777469047502339,0.2672612419124244,13.0,10.0,0.07415934761928106,0.2672612419124244
2025-01-27,10.0,13.0,0.05864146463104114,0.2672612419124244,12.0,11.0,0.0677076583922948,0.2672612419124244,10.0,13.0,0.05864146463104114,0.2672612419124244,13.0,13.0,0.08786103433227298,0.2672612419124244,12.0,13.0,0.06846317453906593,0.2672612419124244,12.0,13.0,0.06846317453906593,0.2672612419124244,13.0,13.0,0.08786103433227298,0.2672612419124244,12.0,13.0,0.06846317453906593,0.2672612419124244,13.0,3.0,0.07293960372211371,0.2672612419124244,13.0,13.0,0.08786103433227298,0.2672612419124244,12.0,13.0,0.06846317453906593,0.2672612419124244,12.0,13.0,0.06846317453906593,0.2672612419124244,12.0,13.0,0.06846317453906593,0.2672612419124244,12.0,11.0,0.0677076583922948,0.2672612419124244
2025-01-28,11.0,13.0,0.06282505514154017,0.2672612419124244,12.0,9.0,0.06693283769982367,0.2672612419124244,11.0,13.0,0.06282505514154017,0.2672612419124244,13.0,13.0,0.07849927524912535,0.2672612419124244,12.0,13.0,0.06875851883683855,0.2672612419124244,12.0,13.0,0.06875851883683855,0.2672612419124244,13.0,13.0,0.07849927524912535,0.2672612419124244,13.0,13.0,0.07849927524912535,0.2672612419124244,13.0,6.0,0.0732542525655863,0.2672612419124244,13.0,13.0,0.07849927524912535,0.2672612419124244,13.0,13.0,0.07849927524912535,0.2672612419124244,11.0,13.0,0.06282505514154016,0.2672612419124244,13.0,13.0,0.07849927524912535,0.2672612419124244,11.0,13.0,0.06282505514154016,0.2672612419124244
2025-01-29,11.0,13.0,0.06241533233468522,0.2672612419124244,13.0,9.0,0.07343151344943503,0.2672612419124244,11.0,13.0,0.06241533233468522,0.2672612419124244,13.0,13.0,0.07543445547029864,0.2672612419124244,13.0,13.0,0.07543445547029864,0.2672612419124244,13.0,13.0,0.07543445547029864,0.2672612419124244,13.0,13.0,0.07543445547029864,0.2672612419124244,13.0,13.0,0.07543445547029864,0.2672612419124244,13.0,9.0,0.07343151344943503,0.2672612419124244,13.0,13.0,0.07543445547029864,0.2672612419124244,13.0,13.0,0.07543445547029864,0.2672612419124244,11.0,13.0,0.06241533233468522,0.2672612419124244,13.0,13.0,0.07543445547029864,0.2672612419124244,11.0,13.0,0.06241533233468522,0.2672612419124244
2025-01-30,13.0,13.0,0.07142857142857142,0.2672612419124244,13.0,13.0,0.07142857142857142,0.2672612419124244,13.0,13.0,0.07142857142857142,0.2672612419124244,13.0,13.0,0.07142857142857142,0.2672612419124244,13.0,13.0,0.07142857142857142,0.2672612419124244,13.0,13.0,0.07142857142857142,0.2672612419124244,13.0,13.0,0.07142857142857142,0.2672612419124244,13.0,13.0,0.07142857142857142,0.2672612419124244,13.0,13.0,0.07142857142857142,0.2672612419124244,13.0,13.0,0.07142857142857142,0.2672612419124244,13.0,13.0,0.07142857142857142,0.2672612419124244,13.0,13.0,0.07142857142857142,0.2672612419124244,13.0,13.0,0.07142857142857142,0.2672612419124244,13.0,13.0,0.07142857142857142,0.2672612419124244
2025-01-31,12.0,13.0,0.06704486325026665,0.2672612419124244,13.0,7.0,0.07142857142857145,0.2672612419124244,12.0,13.0,0.06704486325026665,0.2672612419124244,13.0,13.0,0.07518603558140413,0.2672612419124244,12.0,13.0,0.06704486325026665,0.2672612419124244,13.0,13.0,0.07518603558140413,0.2672612419124244,13.0,13.0,0.07518603558140413,0.2672612419124244,13.0,13.0,0.07518603558140413,0.2672612419124244,12.0,13.0,0.06704486325026665,0.2672612419124244,13.0,13.0,0.07518603558140413,0.2672612419124244,13.0,13.0,0.07518603558140413,0.2672612419124244,12.0,13.0,0.06704486325026665,0.2672612419124244,13.0,13.0,0.07518603558140412,0.2672612419124244,12.0,13.0,0.06704486325026665,0.2672612419124244
2025-02-01,12.0,13.0,0.06704494860936742,0.2672612419124244,13.0,8.0,0.07142857142857144,0.2672612419124244,12.0,13.0,0.06704494860936742,0.2672612419124244,13.0,13.0,0.07416833569057395,0.2672612419124244,12.0,13.0,0.06704494860936742,0.2672612419124244,13.0,13.0,0.07416833569057395,0.2672612419124244,13.0,13.0,0.07416833569057395,0.2672612419124244,13.0,13.0,0.07416833569057395,0.2672612419124244,12.0,13.0,0.06704494860936742,0.2672612419124244,13.0,13.0,0.07416833569057395,0.2672612419124244,13.0,13.0,0.07416833569057395,0.2672612419124244,13.0,13.0,0.07416833569057395,0.2672612419124244,13.0,13.0,0.07416833569057395,0.2672612419124244,12.0,13.0,0.06704494860936742,0.2672612419124244
2025-02-02,11.0,13.0,0.06272773365441409,0.2672612419124244,13.0,2.0,0.07494404955839236,0.2672612419124244,11.0,13.0,0.06272773365441409,0.2672612419124244,13.0,13.0,0.10024100598324034,0.2672612419124244,12.0,7.0,0.06682912480587182,0.2672612419124244,12.0,13.0,0.07034460293569272,0.2672612419124244,13.0,13.0,0.10024100598324034,0.2672612419124244,11.0,13.0,0.06272773365441409,0.2672612419124244,11.0,13.0,0.06272773365441409,0.2672612419124244,11.0,13.0,0.06272773365441409,0.2672612419124244,12.0,13.0,0.07034460293569272,0.2672612419124244,12.0,13.0,0.07034460293569272,0.2672612419124244,12.0,13.0,0.07034460293569272,0.2672612419124244,11.0,13.0,0.06272773365441409,0.2672612419124244
2025-02-03,10.0,13.0,0.05820232877426544,0.2672612419124244,13.0,2.0,0.07675099212498719,0.2672612419124244,12.0,8.0,0.06937941223673852,0.2672612419124244,13.0,13.0,0.1026580245952115,0.2672612419124244,12.0,8.0,0.06937941223673852,0.2672612419124244,12.0,13.0,0.0720406225849464,0.2672612419124244,13.0,13.0,0.10265802459521152,0.2672612419124244,10.0,13.0,0.05820232877426544,0.2672612419124244,10.0,13.0,0.05820232877426544,0.2672612419124244,10.0,13.0,0.05820232877426544,0.2672612419124244,12.0,13.0,0.0720406225849464,0.2672612419124244,12.0,13.0,0.0720406225849464,0.2672612419124244,12.0,13.0,0.0720406225849464,0.2672612419124244,10.0,13.0,0.05820232877426544,0.2672612419124244
2025-02-04,10.0,13.0,0.05820232877426544,0.2672612419124244,13.0,4.0,0.07675099212498719,0.2672612419124244,12.0,8.0,0.06937941223673852,0.2672612419124244,13.0,13.0,0.08734932359007896,0.2672612419124244,12.0,8.0,0.06937941223673852,0.2672612419124244,10.0,13.0,0.05820232877426544,0.2672612419124244,13.0,13.0,0.08734932359007896,0.2672612419124244,10.0,13.0,0.05820232877426544,0.2672612419124244,12.0,13.0,0.0720406225849464,0.2672612419124244,10.0,13.0,0.05820232877426544,0.2672612419124244,13.0,13.0,0.08734932359007896,0.2672612419124244,13.0,13.0,0.08734932359007896,0.2672612419124244,12.0,13.0,0.0720406225849464,0.2672612419124244,10.0,13.0,0.05820232877426544,0.2672612419124244
2025-02-05,11.0,13.0,0.06231146002244678,0.2672612419124244,13.0,8.0,0.07427766874298541,0.2672612419124244,13.0,8.0,0.07427766874298541,0.2672612419124244,13.0,13.0,0.07712676605739936,0.2672612419124244,11.0,13.0,0.06231146002244678,0.2672612419124244,11.0,13.0,0.06231146002244678,0.2672612419124244,13.0,13.0,0.07712676605739936,0.2672612419124244,11.0,13.0,0.06231146002244678,0.2672612419124244,13.0,13.0,0.07712676605739936,0.2672612419124244,11.0,13.0,0.06231146002244678,0.2672612419124244,13.0,13.0,0.07712676605739936,0.2672612419124244,13.0,13.0,0.07712676605739936,0.2672612419124244,13.0,13.0,0.07712676605739936,0.2672612419124244,13.0,13.0,0.07712676605739936,0.2672612419124244
2025-02-06,10.0,13.0,0.057518632159534525,0.2672612419124244,13.0,9.0,0.07555003491569345,0.2672612419124244,13.0,9.0,0.07555003491569345,0.2672612419124244,13.0,13.0,0.07761076665925448,0.2672612419124244,10.0,13.0,0.057518632159534525,0.2672612419124244,13.0,9.0,0.07555003491569345,0.2672612419124244,13.0,13.0,0.07761076665925448,0.2672612419124244,10.0,13.0,0.057518632159534525,0.2672612419124244,13.0,13.0,0.07761076665925448,0.2672612419124244,10.0,13.0,0.057518632159534525,0.2672612419124244,13.0,13.0,0.07761076665925448,0.2672612419124244,13.0,13.0,0.07761076665925448,0.2672612419124244,13.0,13.0,0.07761076665925448,0.2672612419124244,13.0,13.0,0.07761076665925448,0.2672612419124244
2025-02-07,11.0,13.0,0.06282505514154017,0.2672612419124244,11.0,13.0,0.06282505514154017,0.2672612419124244,12.0,9.0,0.06693283769982368,0.2672612419124244,13.0,13.0,0.07849927524912535,0.2672612419124244,12.0,13.0,0.06875851883683856,0.2672612419124244,13.0,6.0,0.07325425256558632,0.2672612419124244,13.0,13.0,0.07849927524912535,0.2672612419124244,11.0,13.0,0.06282505514154019,0.2672612419124244,13.0,13.0,0.07849927524912535,0.2672612419124244,11.0,13.0,0.06282505514154017,0.2672612419124244,13.0,13.0,0.07849927524912535,0.2672612419124244,13.0,13.0,0.07849927524912535,0.2672612419124244,12.0,13.0,0.06875851883683856,0.2672612419124244,13.0,13.0,0.07849927524912535,0.2672612419124244
2025-02-08,11.0,13.0,0.0628250551415402,0.2672612419124244,11.0,13.0,0.0628250551415402,0.2672612419124244,12.0,9.0,0.0669328376998237,0.2672612419124244,13.0,13.0,0.08044742653158274,0.2672612419124244,12.0,13.0,0.06875851883683859,0.2672612419124244,13.0,5.0,0.07325425256558635,0.2672612419124244,12.0,13.0,0.06875851883683859,0.2672612419124244,11.0,13.0,0.0628250551415402,0.2672612419124244,13.0,13.0,0.08044742653158272,0.2672612419124244,11.0,13.0,0.0628250551415402,0.2672612419124244,13.0,13.0,0.08044742653158272,0.2672612419124244,13.0,13.0,0.08044742653158272,0.2672612419124244,12.0,13.0,0.06875851883683859,0.2672612419124244,13.0,13.0,0.08044742653158272,0.2672612419124244
2025-02-09,11.0,13.0,0.0628250551415402,0.2672612419124244,11.0,13.0,0.0628250551415402,0.2672612419124244,12.0,9.0,0.0669328376998237,0.2672612419124244,13.0,13.0,0.08044742653158274,0.2672612419124244,12.0,13.0,0.06875851883683859,0.2672612419124244,13.0,5.0,0.07325425256558635,0.2672612419124244,12.0,13.0,0.06875851883683859,0.2672612419124244,11.0,13.0,0.0628250551415402,0.2672612419124244,13.0,13.0,0.08044742653158272,0.2672612419124244,11.0,13.0,0.0628250551415402,0.2672612419124244,13.0,13.0,0.08044742653158272,0.2672612419124244,13.0,13.0,0.08044742653158272,0.2672612419124244,12.0,13.0,0.06875851883683859,0.2672612419124244,13.0,13.0,0.08044742653158272,0.2672612419124244
2025-02-10,11.0,13.0,0.062782443738432,0.2672612419124244,12.0,13.0,0.06945304069092813,0.2672612419124244,12.0,8.0,0.06688742647842962,0.2672612419124244,13.0,13.0,0.07929218808290206,0.2672612419124244,13.0,13.0,0.07929218808290206,0.2672612419124244,13.0,6.0,0.07399418564106994,0.2672612419124244,11.0,13.0,0.062782443738432,0.2672612419124244,11.0,13.0,0.062782443738432,0.2672612419124244,13.0,13.0,0.07929218808290206,0.2672612419124244,11.0,13.0,0.062782443738432,0.2672612419124244,13.0,13.0,0.07929218808290206,0.2672612419124244,13.0,13.0,0.07929218808290206,0.2672612419124244,11.0,13.0,0.062782443738432,0.2672612419124244,13.0,13.0,0.07929218808290206,0.2672612419124244
2025-02-11,11.0,13.0,0.0628250551415402,0.2672612419124244,12.0,13.0,0.06875851883683859,0.2672612419124244,12.0,9.0,0.0669328376998237,0.2672612419124244,13.0,13.0,0.07849927524912538,0.2672612419124244,13.0,13.0,0.07849927524912538,0.2672612419124244,13.0,6.0,0.07325425256558633,0.2672612419124244,11.0,13.0,0.0628250551415402,0.2672612419124244,12.0,13.0,0.06875851883683859,0.2672612419124244,13.0,13.0,0.07849927524912537,0.2672612419124244,11.0,13.0,0.0628250551415402,0.2672612419124244,13.0,13.0,0.07849927524912537,0.2672612419124244,13.0,13.0,0.07849927524912537,0.2672612419124244,11.0,13.0,0.0628250551415402,0.2672612419124244,13.0,13.0,0.07849927524912537,0.2672612419124244
2025-02-12,11.0,13.0,0.06282490971492405,0.2672612419124244,13.0,13.0,0.07710788979958506,0.2672612419124244,12.0,9.0,0.06693262799042794,0.2672612419124244,13.0,13.0,0.07710788979958506,0.2672612419124244,13.0,13.0,0.07710788979958506,0.2672612419124244,13.0,7.0,0.07325422399546205,0.2672612419124244,11.0,13.0,0.06282490971492405,0.2672612419124244,12.0,13.0,0.06875828055731856,0.2672612419124244,13.0,13.0,0.07710788979958506,0.2672612419124244,11.0,13.0,0.06282490971492405,0.2672612419124244,13.0,13.0,0.07710788979958506,0.2672612419124244,13.0,13.0,0.07710788979958506,0.2672612419124244,11.0,13.0,0.06282490971492405,0.2672612419124244,13.0,13.0,0.07710788979958506,0.2672612419124244
2025-02-13,11.0,13.0,0.062782443738432,0.2672612419124244,13.0,13.0,0.07929218808290206,0.2672612419124244,12.0,8.0,0.06688742647842962,0.2672612419124244,12.0,13.0,0.06945304069092813,0.2672612419124244,13.0,13.0,0.07929218808290206,0.2672612419124244,13.0,6.0,0.07399418564106995,0.2672612419124244,11.0,13.0,0.062782443738432,0.2672612419124244,11.0,13.0,0.062782443738432,0.2672612419124244,13.0,13.0,0.07929218808290206,0.2672612419124244,11.0,13.0,0.062782443738432,0.2672612419124244,13.0,13.0,0.07929218808290206,0.2672612419124244,13.0,13.0,0.07929218808290206,0.2672612419124244,11.0,13.0,0.062782443738432,0.2672612419124244,13.0,13.0,0.07929218808290206,0.2672612419124244
2025-02-14,12.0,10.0,0.06814553350572507,0.2672612419124244,13.0,13.0,0.0792318747668478,0.2672612419124244,12.0,10.0,0.06814553350572507,0.2672612419124244,12.0,13.0,0.06940019427255315,0.2672612419124244,13.0,13.0,0.0792318747668478,0.2672612419124244,13.0,6.0,0.0739378929622276,0.2672612419124244,10.0,13.0,0.05852646762670981,0.2672612419124244,12.0,13.0,0.06940019427255315,0.2672612419124244,13.0,13.0,0.0792318747668478,0.2672612419124244,10.0,13.0,0.05852646762670981,0.2672612419124244,13.0,13.0,0.0792318747668478,0.2672612419124244,13.0,13.0,0.0792318747668478,0.2672612419124244,10.0,13.0,0.05852646762670981,0.2672612419124244,13.0,13.0,0.0792318747668478,0.2672612419124244
2025-02-15,12.0,10.0,0.06696920792686385,0.2672612419124244,13.0,13.0,0.07786417010657794,0.2672612419124244,11.0,13.0,0.06285918150681609,0.2672612419124244,11.0,13.0,0.06285918150681609,0.2672612419124244,13.0,13.0,0.07786417010657794,0.2672612419124244,13.0,6.0,0.07266157935458575,0.2672612419124244,12.0,13.0,0.06820221585287818,0.2672612419124244,12.0,13.0,0.06820221585287818,0.2672612419124244,13.0,13.0,0.07786417010657794,0.2672612419124244,11.0,13.0,0.06285918150681609,0.2672612419124244,13.0,13.0,0.07786417010657794,0.2672612419124244,13.0,13.0,0.07786417010657794,0.2672612419124244,12.0,13.0,0.06820221585287818,0.2672612419124244,13.0,13.0,0.07786417010657794,0.2672612419124244
2025-02-16,12.0,13.0,0.06704494860936742,0.2672612419124244,13.0,13.0,0.07416833569057393,0.2672612419124244,12.0,13.0,0.06704494860936742,0.2672612419124244,12.0,13.0,0.06704494860936742,0.2672612419124244,13.0,13.0,0.07416833569057393,0.2672612419124244,13.0,8.0,0.07142857142857144,0.2672612419124244,13.0,13.0,0.07416833569057395,0.2672612419124244,12.0,13.0,0.06704494860936742,0.2672612419124244,13.0,13.0,0.07416833569057395,0.2672612419124244,12.0,13.0,0.06704494860936742,0.2672612419124244,13.0,13.0,0.07416833569057395,0.2672612419124244,13.0,13.0,0.07416833569057395,0.2672612419124244,13.0,13.0,0.07416833569057395,0.2672612419124244,13.0,13.0,0.07416833569057395,0.2672612419124244
2025-02-17,12.0,13.0,0.06704494860936742,0.2672612419124244,13.0,13.0,0.07416833569057393,0.2672612419124244,12.0,13.0,0.06704494860936742,0.2672612419124244,12.0,13.0,0.06704494860936742,0.2672612419124244,13.0,13.0,0.07416833569057393,0.2672612419124244,13.0,8.0,0.07142857142857144,0.2672612419124244,13.0,13.0,0.07416833569057395,0.2672612419124244,12.0,13.0,0.06704494860936742,0.2672612419124244,13.0,13.0,0.07416833569057395,0.2672612419124244,12.0,13.0,0.06704494860936742,0.2672612419124244,13.0,13.0,0.07416833569057395,0.2672612419124244,13.0,13.0,0.07416833569057395,0.2672612419124244,13.0,13.0,0.07416833569057395,0.2672612419124244,13.0,13.0,0.07416833569057395,0.2672612419124244
2025-02-18,12.0,10.0,0.06696920792686385,0.2672612419124244,13.0,13.0,0.07544868154315298,0.2672612419124244,11.0,13.0,0.06285918150681609,0.2672612419124244,11.0,13.0,0.06285918150681609,0.2672612419124244,13.0,13.0,0.07544868154315298,0.2672612419124244,13.0,8.0,0.07266157935458575,0.2672612419124244,13.0,13.0,0.07544868154315298,0.2672612419124244,12.0,13.0,0.06820221585287818,0.2672612419124244,13.0,13.0,0.07544868154315298,0.2672612419124244,11.0,13.0,0.06285918150681609,0.2672612419124244,13.0,13.0,0.07544868154315298,0.2672612419124244,13.0,13.0,0.07544868154315298,0.2672612419124244,13.0,13.0,0.07544868154315298,0.2672612419124244,13.0,13.0,0.07544868154315298,0.2672612419124244
2025-02-19,12.0,11.0,0.06699899265802893,0.2672612419124244,13.0,13.0,0.07494466997039534,0.2672612419124244,12.0,13.0,0.06774660446826376,0.2672612419124244,11.0,13.0,0.0628871277017373,0.2672612419124244,13.0,13.0,0.07494466997039534,0.2672612419124244,13.0,8.0,0.07217618323880627,0.2672612419124244,13.0,13.0,0.07494466997039534,0.2672612419124244,12.0,13.0,0.06774660446826376,0.2672612419124244,13.0,13.0,0.07494466997039534,0.2672612419124244,11.0,13.0,0.0628871277017373,0.2672612419124244,13.0,13.0,0.07494466997039534,0.2672612419124244,13.0,13.0,0.07494466997039534,0.2672612419124244,13.0,13.0,0.07494466997039534,0.2672612419124244,13.0,13.0,0.07494466997039534,0.2672612419124244
2025-02-20,12.0,12.0,0.0670238492076735,0.2672612419124244,13.0,13.0,0.07452427636959617,0.2672612419124244,13.0,13.0,0.07452427636959617,0.2672612419124244,11.0,13.0,0.06291080657211151,0.2672612419124244,12.0,13.0,0.067366602760637,0.2672612419124244,13.0,8.0,0.07177132498153495,0.2672612419124244,13.0,13.0,0.07452427636959617,0.2672612419124244,12.0,13.0,0.06736660276063698,0.2672612419124244,13.0,13.0,0.07452427636959617,0.2672612419124244,12.0,13.0,0.06736660276063698,0.2672612419124244,13.0,13.0,0.07452427636959617,0.2672612419124244,13.0,13.0,0.07452427636959617,0.2672612419124244,13.0,13.0,0.07452427636959617,0.2672612419124244,13.0,13.0,0.07452427636959617,0.2672612419124244
2025-02-21,12.0,11.0,0.06699899265802892,0.2672612419124244,13.0,13.0,0.07414488491460293,0.2672612419124244,13.0,13.0,0.07414488491460293,0.2672612419124244,11.0,13.0,0.06288712770173728,0.2672612419124244,11.0,13.0,0.06288712770173728,0.2672612419124244,13.0,9.0,0.07217618323880626,0.2672612419124244,13.0,13.0,0.07414488491460293,0.2672612419124244,12.0,13.0,0.06774660446826375,0.2672612419124244,13.0,13.0,0.07414488491460293,0.2672612419124244,13.0,13.0,0.07414488491460293,0.2672612419124244,13.0,13.0,0.07414488491460293,0.2672612419124244,13.0,13.0,0.07414488491460293,0.2672612419124244,13.0,13.0,0.07414488491460293,0.2672612419124244,13.0,13.0,0.07414488491460293,0.2672612419124244
2025-02-22,12.0,11.0,0.06699899265802892,0.2672612419124244,13.0,13.0,0.07734402513777253,0.2672612419124244,13.0,13.0,0.07734402513777253,0.2672612419124244,11.0,13.0,0.0628871277017373,0.2672612419124244,11.0,13.0,0.0628871277017373,0.2672612419124244,13.0,6.0,0.07217618323880627,0.2672612419124244,13.0,13.0,0.07734402513777253,0.2672612419124244,12.0,13.0,0.06774660446826375,0.2672612419124244,13.0,13.0,0.07734402513777253,0.2672612419124244,13.0,13.0,0.07734402513777253,0.2672612419124244,12.0,13.0,0.06774660446826375,0.2672612419124244,12.0,13.0,0.06774660446826375,0.2672612419124244,13.0,13.0,0.07734402513777253,0.2672612419124244,12.0,13.0,0.06774660446826375,0.2672612419124244
2025-02-23,12.0,11.0,0.0677076583922948,0.2672612419124244,13.0,13.0,0.07677654302186897,0.2672612419124244,13.0,13.0,0.07677654302186897,0.2672612419124244,10.0,13.0,0.05864146463104113,0.2672612419124244,12.0,11.0,0.0677076583922948,0.2672612419124244,13.0,7.0,0.07293960372211371,0.2672612419124244,13.0,13.0,0.07677654302186897,0.2672612419124244,12.0,13.0,0.06846317453906593,0.2672612419124244,13.0,13.0,0.07677654302186897,0.2672612419124244,13.0,13.0,0.07677654302186897,0.2672612419124244,13.0,13.0,0.07677654302186897,0.2672612419124244,12.0,13.0,0.06846317453906593,0.2672612419124244,13.0,13.0,0.07677654302186897,0.2672612419124244,10.0,13.0,0.05864146463104113,0.2672612419124244
2025-02-24,12.0,11.0,0.06770752779765662,0.2672612419124244,13.0,13.0,0.0757374289602276,0.2672612419124244,13.0,13.0,0.0757374289602276,0.2672612419124244,10.0,13.0,0.05864144659841368,0.2672612419124244,12.0,11.0,0.06770752779765662,0.2672612419124244,13.0,8.0,0.0729395849617786,0.2672612419124244,13.0,13.0,0.0757374289602276,0.2672612419124244,12.0,13.0,0.0684630345642602,0.2672612419124244,13.0,13.0,0.0757374289602276,0.2672612419124244,13.0,13.0,0.0757374289602276,0.2672612419124244,13.0,13.0,0.0757374289602276,0.2672612419124244,13.0,13.0,0.0757374289602276,0.2672612419124244,13.0,13.0,0.0757374289602276,0.2672612419124244,10.0,13.0,0.05864144659841368,0.2672612419124244
2025-02-25,9.0,13.0,0.05452142867789543,0.2672612419124244,13.0,13.0,0.07524651894270849,0.2672612419124244,13.0,13.0,0.07524651894270849,0.2672612419124244,12.0,12.0,0.06767335866719525,0.2672612419124244,12.0,12.0,0.06767335866719525,0.2672612419124244,13.0,8.0,0.07246688169088457,0.2672612419124244,13.0,13.0,0.07524651894270849,0.2672612419124244,12.0,13.0,0.06801946208796629,0.2672612419124244,13.0,13.0,0.07524651894270849,0.2672612419124244,13.0,13.0,0.07524651894270849,0.2672612419124244,13.0,13.0,0.07524651894270849,0.2672612419124244,13.0,13.0,0.07524651894270849,0.2672612419124244,13.0,13.0,0.07524651894270849,0.2672612419124244,12.0,12.0,0.06767335866719525,0.2672612419124244
2025-02-26,9.0,13.0,0.05455222395757519,0.2672612419124244,13.0,13.0,0.07781760345621182,0.2672612419124244,13.0,13.0,0.07781760345621182,0.2672612419124244,11.0,12.0,0.06254969538398342,0.2672612419124244,11.0,12.0,0.06254969538398342,0.2672612419124244,13.0,8.0,0.07494298629944796,0.2672612419124244,13.0,13.0,0.07781760345621182,0.2672612419124244,11.0,13.0,0.06286959424103974,0.2672612419124244,13.0,13.0,0.07781760345621182,0.2672612419124244,13.0,13.0,0.07781760345621182,0.2672612419124244,11.0,13.0,0.06286959424103974,0.2672612419124244,13.0,13.0,0.07781760345621182,0.2672612419124244,13.0,13.0,0.07781760345621182,0.2672612419124244,13.0,8.0,0.07494298629944797,0.2672612419124244
2025-02-27,9.0,13.0,0.054305022613883,0.2672612419124244,13.0,13.0,0.07759730633765612,0.2672612419124244,13.0,13.0,0.07759730633765612,0.2672612419124244,12.0,11.0,0.06843146809726695,0.2672612419124244,12.0,11.0,0.06843146809726695,0.2672612419124244,13.0,7.0,0.07371934637182288,0.2672612419124244,13.0,13.0,0.07759730633765612,0.2672612419124244,12.0,13.0,0.06919505974501743,0.2672612419124244,13.0,13.0,0.07759730633765612,0.2672612419124244,13.0,13.0,0.07759730633765612,0.2672612419124244,9.0,13.0,0.054305022613883,0.2672612419124244,13.0,13.0,0.07759730633765612,0.2672612419124244,13.0,13.0,0.07759730633765612,0.2672612419124244,12.0,11.0,0.06843146809726695,0.2672612419124244
2025-02-28,12.0,13.0,0.06704486325026664,0.2672612419124244,13.0,13.0,0.07654289763659368,0.2672612419124244,13.0,13.0,0.07654289763659368,0.2672612419124244,12.0,13.0,0.06704486325026664,0.2672612419124244,12.0,13.0,0.06704486325026664,0.2672612419124244,13.0,6.0,0.07142857142857142,0.2672612419124244,13.0,13.0,0.07654289763659369,0.2672612419124244,12.0,13.0,0.06704486325026664,0.2672612419124244,12.0,13.0,0.06704486325026664,0.2672612419124244,13.0,13.0,0.07654289763659369,0.2672612419124244,12.0,13.0,0.06704486325026664,0.2672612419124244,13.0,13.0,0.07654289763659369,0.2672612419124244,13.0,13.0,0.07654289763659369,0.2672612419124244,12.0,13.0,0.06704486325026664,0.2672612419124244
2025-03-01,12.0,13.0,0.06875851883683858,0.2672612419124244,13.0,13.0,0.07849927524912537,0.2672612419124244,13.0,13.0,0.07849927524912537,0.2672612419124244,11.0,13.0,0.06282505514154019,0.2672612419124244,11.0,13.0,0.06282505514154019,0.2672612419124244,13.0,6.0,0.07325425256558632,0.2672612419124244,13.0,13.0,0.07849927524912537,0.2672612419124244,12.0,13.0,0.06875851883683856,0.2672612419124244,11.0,13.0,0.06282505514154017,0.2672612419124244,13.0,13.0,0.07849927524912537,0.2672612419124244,12.0,9.0,0.06693283769982368,0.2672612419124244,13.0,13.0,0.07849927524912537,0.2672612419124244,13.0,13.0,0.07849927524912537,0.2672612419124244,11.0,13.0,0.06282505514154017,0.2672612419124244
2025-03-02,13.0,13.0,0.07648389092747798,0.2672612419124244,13.0,13.0,0.07648389092747798,0.2672612419124244,13.0,13.0,0.07648389092747798,0.2672612419124244,11.0,13.0,0.06285918150681612,0.2672612419124244,11.0,13.0,0.06285918150681612,0.2672612419124244,13.0,7.0,0.07266157935458578,0.2672612419124244,13.0,13.0,0.07648389092747798,0.2672612419124244,12.0,13.0,0.06820221585287821,0.2672612419124244,12.0,13.0,0.06820221585287821,0.2672612419124244,13.0,13.0,0.07648389092747798,0.2672612419124244,12.0,10.0,0.06696920792686387,0.2672612419124244,13.0,13.0,0.07648389092747798,0.2672612419124244,13.0,13.0,0.07648389092747798,0.2672612419124244,11.0,13.0,0.06285918150681612,0.2672612419124244
