,NetworkRisk
2019-03-02,
2019-03-03,
2019-03-04,
2019-03-05,
2019-03-06,
2019-03-07,
2019-03-08,
2019-03-09,
2019-03-10,
2019-03-11,
2019-03-12,
2019-03-13,
2019-03-14,
2019-03-15,
2019-03-16,
2019-03-17,
2019-03-18,
2019-03-19,
2019-03-20,
2019-03-21,
2019-03-22,
2019-03-23,
2019-03-24,
2019-03-25,
2019-03-26,
2019-03-27,
2019-03-28,
2019-03-29,
2019-03-30,
2019-03-31,
2019-04-01,
2019-04-02,
2019-04-03,
2019-04-04,
2019-04-05,
2019-04-06,
2019-04-07,
2019-04-08,
2019-04-09,
2019-04-10,
2019-04-11,
2019-04-12,
2019-04-13,
2019-04-14,
2019-04-15,-0.0005847653691075996
2019-04-16,-0.0015692724347543471
2019-04-17,-0.0010207300381807512
2019-04-18,0.006894327855242351
2019-04-19,0.036625088407099
2019-04-20,0.0022216168148348515
2019-04-21,0.015563653850734601
2019-04-22,-0.003021463719482753
2019-04-23,-0.021240412340935398
2019-04-24,0.04490299860527905
2019-04-25,-0.030809546294919898
2019-04-26,-0.000366570613779052
2019-04-27,0.00863727248858305
2019-04-28,-0.0011751789056634997
2019-04-29,0.006314296993430999
2019-04-30,-0.0157328536467665
2019-05-01,0.005426820650015901
2019-05-02,0.00454897479526035
2019-05-03,0.0152366300024382
2019-05-04,0.028113056526963647
2019-05-05,0.0193318572521619
2019-05-06,-0.005181569596069949
2019-05-07,-0.0554160531608464
2019-05-08,0.006092043582527849
2019-05-09,0.025027215649666097
2019-05-10,0.010261401744804048
2019-05-11,0.0209930576179903
2019-05-12,0.06566570502443189
2019-05-13,-0.04777040734184925
2019-05-14,0.0729300117770213
2019-05-15,0.011733241143288352
2019-05-16,-0.012262443822663407
2019-05-17,-0.0831004503082341
2019-05-18,-0.036471717653677155
2019-05-19,0.016031065206621897
2019-05-20,0.048673646132709
2019-05-21,-0.014718709132083344
2019-05-22,0.004955946963510248
2019-05-23,-0.0206583676396351
2019-05-24,0.0018300935636908992
2019-05-25,0.0185349787989624
2019-05-26,-0.01157464195345855
2019-05-27,0.033086962787812556
2019-05-28,0.005636765996242948
2019-05-29,-0.0010898655047165487
2019-05-30,-0.0066680402254366495
2019-05-31,0.025034675270120852
2019-06-01,0.034644142063227155
2019-06-02,-0.00801056215442025
2019-06-03,-0.009216437844056898
2019-06-04,-0.006184949782552143
2019-06-05,-0.0761089772906782
2019-06-06,0.029696875692398345
2019-06-07,-0.018010951034327698
2019-06-08,0.03184003063106255
2019-06-09,-0.0001952040685851003
2019-06-10,-0.0201497601919204
2019-06-11,0.025253204516648496
2019-06-12,-0.014494698212781999
2019-06-13,-0.016474945188158847
2019-06-14,0.0116989736800517
2019-06-15,0.043984688013066146
2019-06-16,-0.011198176175154399
2019-06-17,0.019775778068774952
2019-06-18,-0.005342279788552798
2019-06-19,-0.0020915261562121003
2019-06-20,0.00045720586871555134
2019-06-21,0.00835679396684355
2019-06-22,0.00027088278263120297
2019-06-23,0.013457207159959399
2019-06-24,0.005146576131939499
2019-06-25,0.0218382524207911
2019-06-26,0.045000222657188255
2019-06-27,-0.013255291815628747
2019-06-28,-0.017151529336909346
2019-06-29,0.07169788509763335
2019-06-30,-0.060108714484203817
2019-07-01,-0.029355324777262153
2019-07-02,-0.014728257255551599
2019-07-03,0.0361208357427284
2019-07-04,0.0458102753302001
2019-07-05,-0.029175588694192647
2019-07-06,0.07483293839472725
2019-07-07,-0.021933405400952
2019-07-08,-0.022032868459348952
2019-07-09,0.0389298137766477
2019-07-10,0.0004050995689239001
2019-07-11,-0.023798813627913553
2019-07-12,-0.017327741726691
2019-07-13,0.0196695368640562
2019-07-14,-0.01807139315347365
2019-07-15,-0.02895433491243808
2019-07-16,0.03073042617692805
2019-07-17,-0.07931931425010519
2019-07-18,0.023420987754936454
2019-07-19,0.0891585281813712
2019-07-20,-0.009039600190983602
2019-07-21,0.004818756706662899
2019-07-22,-0.010293048342344402
2019-07-23,-0.009276383727786053
2019-07-24,-0.07397345019850375
2019-07-25,0.038771728241787456
2019-07-26,-0.00143138055906875
2019-07-27,-0.0034078771989293002
2019-07-28,-0.005653353145395248
2019-07-29,0.0007153934768835499
2019-07-30,-0.00941537174337295
2019-07-31,0.00794755093926185
2019-08-01,0.0173476542350965
2019-08-02,0.02513703534501665
2019-08-03,0.00767586911657265
2019-08-04,0.0035364440096167515
2019-08-05,0.00902498801237755
2019-08-06,0.03062837780888614
2019-08-07,-0.01147006922559785
2019-08-08,0.02003620730209645
2019-08-09,0.01011132984976775
2019-08-10,0.015657895114516943
2019-08-11,-0.026439994773929398
2019-08-12,-0.005529231533715002
2019-08-13,0.001668612803351949
2019-08-14,-0.0288497922545562
2019-08-15,-0.0016709827435746546
2019-08-16,-0.0109984674404431
2019-08-17,0.01760374353239335
2019-08-18,-0.00911931607728265
2019-08-19,-0.00509726091114265
2019-08-20,0.02465571389680975
2019-08-21,0.0007972506117057999
2019-08-22,-0.025434271695711747
2019-08-23,-0.006608608067704851
2019-08-24,0.00967946609718155
2019-08-25,-0.018355126275386203
2019-08-26,0.0194504889742539
2019-08-27,-0.00034932270328505
2019-08-28,-0.01134231361405665
2019-08-29,0.006427765961181699
2019-08-30,-0.007511635042816798
2019-08-31,0.01106310964663
2019-09-01,-0.009620893921966151
2019-09-02,0.00949914911806655
2019-09-03,0.009256031784649302
2019-09-04,0.008885168418628402
2019-09-05,-0.0005368016590930006
2019-09-06,-0.005064989819299901
2019-09-07,-0.031613097197617755
2019-09-08,0.014900398777256749
2019-09-09,-0.003454436079245781
2019-09-10,-0.0031423968410834004
2019-09-11,-0.015202073422265901
2019-09-12,0.0447507516810607
2019-09-13,-0.01873326055900775
2019-09-14,-0.00361605496636475
2019-09-15,-0.0122642503432267
2019-09-16,-0.0055690141388995
2019-09-17,-0.020972540988610452
2019-09-18,-0.03685459441676325
2019-09-19,0.07121413753584914
2019-09-20,-0.022956901969800447
2019-09-21,0.007819618379546247
2019-09-22,-0.0438003173961709
2019-09-23,0.0090018254855564
2019-09-24,0.01425206037480771
2019-09-25,-0.021034636609971347
2019-09-26,-0.0256128308271153
2019-09-27,-0.01717762028153575
2019-09-28,-0.004693020821513502
2019-09-29,0.0058258552667320995
2019-09-30,-0.0289204674380268
2019-10-01,0.010477127909354601
2019-10-02,-0.0014863602274233492
2019-10-03,-0.0011329887687534
2019-10-04,-0.01829504894427875
2019-10-05,-0.0015615284999788014
2019-10-06,-0.0005678731522047501
2019-10-07,0.004245431630376849
2019-10-08,1.501951079060232e-05
2019-10-09,0.019347729298967203
2019-10-10,0.019000976951084096
2019-10-11,0.026839077742308853
2019-10-12,-0.0004927384982637492
2019-10-13,0.00178937192491385
2019-10-14,0.01895248266465715
2019-10-15,0.008895975166435251
2019-10-16,-0.0023124329271419497
2019-10-17,0.026065760381071352
2019-10-18,0.0279095957634493
2019-10-19,-0.006301942317206049
2019-10-20,0.0010464924921777504
2019-10-21,0.0041637688174764025
2019-10-22,-0.0033254822394561
2019-10-23,-0.028078307689730193
2019-10-24,-0.009374099529932997
2019-10-25,-0.0322218479030755
2019-10-26,0.009688779808802936
2019-10-27,0.023686305789269353
2019-10-28,0.005753703033722798
2019-10-29,-0.02251740923179445
2019-10-30,0.028792464399672344
2019-10-31,-0.02379695754022975
2019-11-01,-0.0025319658573734
2019-11-02,0.01666106936681025
2019-11-03,-0.01834992291330785
2019-11-04,-0.0035775244744216
2019-11-05,0.006622356942699751
2019-11-06,0.01942911649435325
2019-11-07,-0.01561190542327435
2019-11-08,0.012539734878632252
2019-11-09,-0.011726584938462351
2019-11-10,0.0008355940042090015
2019-11-11,0.030226180902832248
2019-11-12,-0.0359229714150886
2019-11-13,0.0199977372246068
2019-11-14,-0.0094890109105791
2019-11-15,-0.0143395450713335
2019-11-16,0.00960182616753895
2019-11-17,-0.0048803329102499
2019-11-18,-0.0058359026975333
2019-11-19,0.028809987040119597
2019-11-20,-0.0028245647632789512
2019-11-21,0.0015899732731092999
2019-11-22,-0.019621406894831245
2019-11-23,0.006653666875241347
2019-11-24,-0.0144552690209927
2019-11-25,0.018127884588290996
2019-11-26,0.0034708205344801887
2019-11-27,2.7618147850148878e-05
2019-11-28,0.0183882126056173
2019-11-29,-0.0024966778125691995
2019-11-30,0.021025980236421
2019-12-01,-0.015190884607328398
2019-12-02,-0.015301484365693101
2019-12-03,-0.009327809579814049
2019-12-04,-8.84411417921508e-05
2019-12-05,-0.0040565397582950505
2019-12-06,0.007267214330174101
2019-12-07,0.01226240680970275
2019-12-08,-0.007653540397469651
2019-12-09,-0.00627744749758595
2019-12-10,0.0037113994402492995
2019-12-11,0.010021547588168797
2019-12-12,0.00051502853046205
2019-12-13,0.012040721810586248
2019-12-14,-0.009336706239529851
2019-12-15,0.0139328533697033
2019-12-16,-0.0071260004932008495
2019-12-17,0.040228686291610256
2019-12-18,0.05540889316341335
2019-12-19,0.024796005894158507
2019-12-20,0.010576653503655102
2019-12-21,-0.0104876406380493
2019-12-22,0.0011273661349301004
2019-12-23,0.02300962613790195
2019-12-24,-0.0070816575139342995
2019-12-25,-0.004073527791725
2019-12-26,0.010852862557188639
2019-12-27,-0.008729930318737663
2019-12-28,-0.0011743672443968005
2019-12-29,0.0009392329669934999
2019-12-30,-0.017548017902408952
2019-12-31,-0.0048093302692346004
2020-01-01,0.002378447059738149
2020-01-02,-0.008016307379362
2020-01-03,-0.0068766693635648
2020-01-04,0.010111603414512251
2020-01-05,0.0338385986926294
2020-01-06,-0.030932095441285397
2020-01-07,-0.005552504197557845
2020-01-08,0.0644437332395725
2020-01-09,-0.0093046160755682
2020-01-10,0.02256607590853995
2020-01-11,-0.015259237668509652
2020-01-12,-0.0294324149320795
2020-01-13,0.0349691845970457
2020-01-14,-0.043566320683632496
2020-01-15,0.023369974535347546
2020-01-16,0.01685606249633925
2020-01-17,-0.01664872596297425
2020-01-18,0.01303549245254575
2020-01-19,0.0038203028085124005
2020-01-20,0.01187761149690015
2020-01-21,-0.00819754746471765
2020-01-22,-0.006998990272642714
2020-01-23,-0.0039887131528789
2020-01-24,-0.022596274506551755
2020-01-25,-5.1948944657849785e-05
2020-01-26,-0.004412447302174102
2020-01-27,-0.0006200302504359989
2020-01-28,0.0033282758458638984
2020-01-29,-0.04178985623667346
2020-01-30,-0.007778151759338149
2020-01-31,-0.009808628924837502
2020-02-01,0.00747812375842195
2020-02-02,-0.0130753118191621
2020-02-03,0.0038929145498147483
2020-02-04,-0.01208856722560255
2020-02-05,0.0030125414282085507
2020-02-06,-0.021736065257810244
2020-02-07,0.006440673767472704
2020-02-08,0.0007259319661747018
2020-02-09,0.06862677245220435
2020-02-10,0.01269834624256615
2020-02-11,-0.03561956378225045
2020-02-12,-0.0342598183498431
2020-02-13,-0.05246151696561964
2020-02-14,-0.0164282338617646
2020-02-15,-0.0423622263955212
2020-02-16,-0.008631030070802848
2020-02-17,-0.0133009337858387
2020-02-18,-0.044442917700772855
2020-02-19,-0.005792225366228594
2020-02-20,-0.016472742320125897
2020-02-21,-0.0020757638873104387
2020-02-22,-0.006224831697032149
2020-02-23,0.0011863830398635509
2020-02-24,-0.023695299687956695
2020-02-25,-0.0008187338308505016
2020-02-26,-0.009445253413027502
2020-02-27,0.007522417761219452
2020-02-28,0.010983538696830351
2020-02-29,-0.011582633637372351
2020-03-01,-0.0028311790344778993
2020-03-02,-0.0013487576849983503
2020-03-03,-0.00900088871967425
2020-03-04,0.014289242016828551
2020-03-05,0.009447026958652748
2020-03-06,0.011111440134507747
2020-03-07,-0.02348980077600385
2020-03-08,-0.014173657928811048
2020-03-09,-0.02365404463205739
2020-03-10,-0.004459414335178749
2020-03-11,0.00489513600285065
2020-03-12,0.008536322923306434
2020-03-13,-0.13570194156075233
2020-03-14,0.026918903839317984
2020-03-15,-0.00846605953415145
2020-03-16,0.02234608775123545
2020-03-17,-0.0093363355744263
2020-03-18,0.0218190717073383
2020-03-19,-0.00705812697942715
2020-03-20,0.040825151503663254
2020-03-21,0.012882428107208101
2020-03-22,0.0013772696049577505
2020-03-23,0.0015656930902996496
2020-03-24,0.028894184351656256
2020-03-25,0.016973053592089095
2020-03-26,-0.0023585776244265493
2020-03-27,0.0045013292827811545
2020-03-28,-0.023231421499590475
2020-03-29,-0.014262522531326
2020-03-30,-0.019106426886783948
2020-03-31,0.04026669898893
2020-04-01,-0.0047406463794338
2020-04-02,0.013236738090421703
2020-04-03,0.006394627205981201
2020-04-04,-0.012966758419580851
2020-04-05,0.00471925892104225
2020-04-06,-0.005566715803134033
2020-04-07,-0.010520009968948196
2020-04-08,0.007150158336781693
2020-04-09,-0.011903676364958347
2020-04-10,0.0053920455009621995
2020-04-11,-0.008154900320478407
2020-04-12,0.0069422706581342
2020-04-13,-0.00495226666607885
2020-04-14,-0.0012435578655647494
2020-04-15,-0.0026811213799455
2020-04-16,-0.0038837966540404487
2020-04-17,-0.005856490339264005
2020-04-18,-0.006638434794017651
2020-04-19,-0.015212736275179446
2020-04-20,0.005576460076300152
2020-04-21,-0.010764877420581152
2020-04-22,-0.0028693111974417494
2020-04-23,-0.0020231540738909967
2020-04-24,0.025535225782036597
2020-04-25,0.004174387450913098
2020-04-26,-0.0033012768187780026
2020-04-27,0.04737850058558016
2020-04-28,0.01149532087923375
2020-04-29,-0.0382459106815585
2020-04-30,0.06180358647037739
2020-05-01,-0.0073807644789255986
2020-05-02,0.0079953399281294
2020-05-03,0.010225417632193898
2020-05-04,0.0008355290185859485
2020-05-05,-0.0118660207640635
2020-05-06,0.0162010880942461
2020-05-07,0.02685465317645675
2020-05-08,0.04328058311345205
2020-05-09,-0.014528882433381601
2020-05-10,-0.0185737111358771
2020-05-11,-0.01982675732392801
2020-05-12,-0.0023037470616530005
2020-05-13,0.009523382991154098
2020-05-14,0.018505363201868304
2020-05-15,0.02612045142897635
2020-05-16,-0.0279209851034995
2020-05-17,-0.0017951759815724496
2020-05-18,0.006099990608305201
2020-05-19,-0.0162272816397152
2020-05-20,0.00274361488309875
2020-05-21,-0.013312927358593933
2020-05-22,-0.011094695080757146
2020-05-23,0.00477032408434035
2020-05-24,0.0044663018517273
2020-05-25,-0.03326441682772595
2020-05-26,0.016381276022774397
2020-05-27,0.00592488189632045
2020-05-28,0.009739364264372899
2020-05-29,-0.0047677016102259
2020-05-30,-0.02056239561065475
2020-05-31,-0.016096434842150356
2020-06-01,0.0020583665407056494
2020-06-02,0.030615087636627458
2020-06-03,-0.043366420041128
2020-06-04,0.0058676725465215025
2020-06-05,0.009914392860653699
2020-06-06,0.0002806074971084989
2020-06-07,-0.00779351738807175
2020-06-08,0.0036819583955510996
2020-06-09,-0.00792553462323385
2020-06-10,0.0007404013821908501
2020-06-11,0.00362985996118845
2020-06-12,-0.0238489950727668
2020-06-13,0.007641249336067749
2020-06-14,0.0028516661880473417
2020-06-15,0.0003658091959609505
2020-06-16,0.0034746432257475998
2020-06-17,-0.003117212398383501
2020-06-18,-0.00198386932310875
2020-06-19,-0.0007565317575953497
2020-06-20,-0.004209169227136649
2020-06-21,0.00515155991713295
2020-06-22,-0.0027630875247496006
2020-06-23,-0.004368518621091902
2020-06-24,-0.0038452279843913
2020-06-25,-0.012122186082121351
2020-06-26,0.0015651371009399997
2020-06-27,-0.0107146585107298
2020-06-28,-0.0009205658674952023
2020-06-29,0.0010823553407341997
2020-06-30,-0.0040475532678189
2020-07-01,0.00388113326394565
2020-07-02,0.00157799500773885
2020-07-03,-0.0037034364116139504
2020-07-04,-0.0037986113922655004
2020-07-05,-0.0064079399461284495
2020-07-06,-0.001937239307670292
2020-07-07,0.04604569886624374
2020-07-08,0.08038503015450114
2020-07-09,0.2122610764681219
2020-07-10,-0.041602730251970796
2020-07-11,-0.10105459075769689
2020-07-12,0.025277716490478302
2020-07-13,-0.02101718691124505
2020-07-14,-0.07642506365086335
2020-07-15,0.0291643807084977
2020-07-16,-0.03907840104866
2020-07-17,-0.0065904417770193974
2020-07-18,0.01583458735754045
2020-07-19,0.0791313555989803
2020-07-20,-0.021394278529570602
2020-07-21,0.0407146065431858
2020-07-22,0.01346211923109865
2020-07-23,-0.018047761143353103
2020-07-24,-0.036531242109410146
2020-07-25,0.0023126619534579486
2020-07-26,-0.0186095478564688
2020-07-27,0.0257408627627506
2020-07-28,0.058479639278599546
2020-07-29,0.002225708750468902
2020-07-30,0.0191656236753505
2020-07-31,-0.014512514580314051
2020-08-01,-0.012031913086210003
2020-08-02,0.03644601572959365
2020-08-03,-0.0629712820095665
2020-08-04,-0.003972284184028948
2020-08-05,0.01389740129153175
2020-08-06,0.00423617114052645
2020-08-07,0.0170845013481009
2020-08-08,-0.0004222042535045496
2020-08-09,-0.004118363807715051
2020-08-10,-0.00644170986215295
2020-08-11,0.0044603036495317
2020-08-12,-0.012961916774174551
2020-08-13,0.00824986580809565
2020-08-14,-0.036258352113863704
2020-08-15,-0.0035371537753345495
2020-08-16,0.0063254408562096
2020-08-17,-0.00029897638814470003
2020-08-18,0.027878443688939953
2020-08-19,-0.016783792356298528
2020-08-20,-0.0017068118272655954
2020-08-21,-0.0031672572703539213
2020-08-22,0.010637617808229048
2020-08-23,0.006387664007714251
2020-08-24,2.969788016010059e-05
2020-08-25,-0.018336358819655552
2020-08-26,-0.0048704733314726065
2020-08-27,0.0033912339549790503
2020-08-28,-0.017600320826125997
2020-08-29,0.004680073822404554
2020-08-30,-0.00396836040481085
2020-08-31,-0.024485965313576653
2020-09-01,-0.0141288727674375
2020-09-02,-0.036804435402303305
2020-09-03,-0.0069304684009398945
2020-09-04,-0.028781649149557595
2020-09-05,0.016316270998390753
2020-09-06,0.03284587682702134
2020-09-07,-0.017549000356360454
2020-09-08,0.01641032311483415
2020-09-09,-0.0010142255434070976
2020-09-10,-0.013288425014890552
2020-09-11,-0.011136240720109152
2020-09-12,-0.01094470619713055
2020-09-13,-0.00997463782408025
2020-09-14,0.01710761127287895
2020-09-15,0.00409137890838465
2020-09-16,0.03009272565384715
2020-09-17,0.0043860080109825
2020-09-18,-0.033917914459225595
2020-09-19,0.00243860059237592
2020-09-20,0.004957054804399951
2020-09-21,0.007187910879348803
2020-09-22,-0.008548914823996244
2020-09-23,0.003931850455330449
2020-09-24,0.00029871052773985246
2020-09-25,0.0005721467963698199
2020-09-26,0.00624022386147465
2020-09-27,-0.0007866223516810999
2020-09-28,-0.0016516721083585499
2020-09-29,-0.0097333102285409
2020-09-30,0.003552680953051151
2020-10-01,-0.009150818937411799
2020-10-02,0.0006138711074711476
2020-10-03,-0.0020854092860668003
2020-10-04,-0.0009801349264329999
2020-10-05,0.007061701557600299
2020-10-06,-0.0007487517663862992
2020-10-07,0.009340307501267003
2020-10-08,-0.0035043010934403
2020-10-09,-0.0004284226905644003
2020-10-10,0.000326561088889548
2020-10-11,0.0014061755827046007
2020-10-12,0.0008013607489217997
2020-10-13,-0.00765791947382315
2020-10-14,-0.0044281052685838495
2020-10-15,0.003981345462577
2020-10-16,-0.0044740715736363
2020-10-17,0.010167803094406
2020-10-18,-0.00430270471856555
2020-10-19,-0.004406718888526566
2020-10-20,0.010310568216548851
2020-10-21,0.08316343257917785
2020-10-22,-0.0215163276898349
2020-10-23,-0.04599989207279841
2020-10-24,-0.0036773147825150494
2020-10-25,-0.02802952823930095
2020-10-26,0.006962612979556949
2020-10-27,0.02103620875683985
2020-10-28,0.01007510738438665
2020-10-29,-0.012247998942423049
2020-10-30,0.01724817892028715
2020-10-31,0.00816099024016725
2020-11-01,-0.0080635269325317
2020-11-02,-0.01160933253230875
2020-11-03,-0.001266513041677601
2020-11-04,-0.026859580120781452
2020-11-05,-0.012625349174219952
2020-11-06,0.005413549059522498
2020-11-07,0.005248571002159294
2020-11-08,-0.03657195699730295
2020-11-09,0.0026833676387283505
2020-11-10,0.00433596596809605
2020-11-11,-0.0079565972255284
2020-11-12,-0.0013186183847834505
2020-11-13,0.0229474511418572
2020-11-14,-0.00952777332763275
2020-11-15,-0.008456601827526548
2020-11-16,0.01404529192231985
2020-11-17,-0.0021712665155041028
2020-11-18,-0.011663339263375448
2020-11-19,0.01708448748659445
2020-11-20,-0.00914940449686635
2020-11-21,-0.0409771372918747
2020-11-22,-0.12606218506929937
2020-11-23,-0.024205367437126653
2020-11-24,-0.16700982850307972
2020-11-25,0.035709606178421546
2020-11-26,0.010841224426076407
2020-11-27,-0.0687473562660321
2020-11-28,0.006513277276594849
2020-11-29,0.01821017662518015
2020-11-30,-0.014946362798511602
2020-12-01,0.021597514203104295
2020-12-02,-0.0326553197007867
2020-12-03,0.00563399894407635
2020-12-04,-0.0022242391301800484
2020-12-05,0.0028481765056390454
2020-12-06,0.0034236470736652043
2020-12-07,-0.0014984417769434996
2020-12-08,-0.003058309505113899
2020-12-09,0.02380165689826634
2020-12-10,-0.036222059560045504
2020-12-11,0.0264873749343655
2020-12-12,0.012685567929840297
2020-12-13,-0.007793863677697556
2020-12-14,0.004176345060756297
2020-12-15,0.0018936059478223003
2020-12-16,-0.0005699546825523
2020-12-17,0.04052188594070594
2020-12-18,0.0800630082903252
2020-12-19,0.008548719817365503
2020-12-20,0.0221762999608528
2020-12-21,0.09142945895320714
2020-12-22,0.026565796117861397
2020-12-23,-0.02873471292222125
2020-12-24,-0.05445547893156766
2020-12-25,0.07725794817523966
2020-12-26,0.00990866287335805
2020-12-27,0.01952817186762615
2020-12-28,-0.035718860358920405
2020-12-29,-0.015190828502807847
2020-12-30,-0.009683472024686699
2020-12-31,0.03343370787647725
2021-01-01,0.01759850264372025
2021-01-02,0.09338007888695996
2021-01-03,0.33650885176940937
2021-01-04,-0.12439700523364154
2021-01-05,-0.06240896881668235
2021-01-06,0.006852057244988205
2021-01-07,0.028154203948107755
2021-01-08,-0.0098419368410576
2021-01-09,0.0239389316498271
2021-01-10,-0.012282236489937549
2021-01-11,-0.0380174102675325
2021-01-12,-0.016872136538681803
2021-01-13,-0.05119381284100685
2021-01-14,0.04519668924261396
2021-01-15,0.0296988601983409
2021-01-16,-0.0188378299422065
2021-01-17,-0.0363079434175431
2021-01-18,-0.0181774988476916
2021-01-19,0.0086761197132977
2021-01-20,-0.05662657088592306
2021-01-21,-0.0081344088305941
2021-01-22,-0.026270630329671557
2021-01-23,0.008149616143703547
2021-01-24,-0.006568535368979499
2021-01-25,-0.048561168362749305
2021-01-26,0.005360132047548698
2021-01-27,-0.016921786985509852
2021-01-28,-0.043689533657016805
2021-01-29,0.7539519255372885
2021-01-30,0.179286134891447
2021-01-31,-0.2507520052683446
2021-02-01,0.14861032871934893
2021-02-02,-0.05911218352893795
2021-02-03,-0.0688960929056576
2021-02-04,0.0649368834167712
2021-02-05,0.19859205488841497
2021-02-06,-0.0944596557449571
2021-02-07,0.13257783001998605
2021-02-08,0.174644074835165
2021-02-09,0.043283808640605846
2021-02-10,-0.06428649719452856
2021-02-11,0.010041873101494049
2021-02-12,-0.0015322798596575996
2021-02-13,-0.0229787025891532
2021-02-14,-0.016041483233369902
2021-02-15,-0.0172890280854197
2021-02-16,-0.04427717979649335
2021-02-17,-0.01257551759326555
2021-02-18,-0.03523068564487955
2021-02-19,0.07211640652715776
2021-02-20,-0.008255258297654052
2021-02-21,0.009916044871468901
2021-02-22,0.021312919471785548
2021-02-23,-0.016243108702493396
2021-02-24,-0.04934415795284769
2021-02-25,0.06641376084621649
2021-02-26,-0.035029172782044406
2021-02-27,0.029999959344885998
2021-02-28,-0.012603521827720699
2021-03-01,0.0034004023491728957
2021-03-02,-0.007597601179288857
2021-03-03,0.0010913011999407508
2021-03-04,-0.0013899529034571527
2021-03-05,-0.01908942731543425
2021-03-06,0.00671022710950335
2021-03-07,-0.029501123824841848
2021-03-08,0.011589406714416401
2021-03-09,0.0656894598026462
2021-03-10,-0.016945355908979005
2021-03-11,0.01651684041776885
2021-03-12,0.0053160421600193
2021-03-13,0.004185399406286299
2021-03-14,0.05056693952653895
2021-03-15,-0.023516450320789153
2021-03-16,-0.0192335377366242
2021-03-17,0.021090051859329953
2021-03-18,0.011207688928617347
2021-03-19,-0.004885300520136152
2021-03-20,0.0017067972417833498
2021-03-21,0.009026779264581
2021-03-22,-0.01825254287241775
2021-03-23,-0.013890428002365802
2021-03-24,-0.010186580636623949
2021-03-25,-0.010785917455235248
2021-03-26,-0.0186741963227855
2021-03-27,0.025093139471189657
2021-03-28,0.012236997692874198
2021-03-29,0.003454367749345699
2021-03-30,-0.015673267114438352
2021-03-31,4.0064868698000064e-05
2021-04-01,-0.02044941129058365
2021-04-02,0.04808258546338846
2021-04-03,-0.0677103017324477
2021-04-04,-0.0012057319503741039
2021-04-05,0.006401346504436949
2021-04-06,0.0158206257860908
2021-04-07,0.028996142304664546
2021-04-08,-0.0307237599311209
2021-04-09,0.014872716037234404
2021-04-10,0.0017950352217959503
2021-04-11,0.017637800291392804
2021-04-12,0.0772762666070267
2021-04-13,-0.024014427949939347
2021-04-14,0.1325856579910476
2021-04-15,0.09197240749660564
2021-04-16,0.1865503109673551
2021-04-17,0.3704554140338818
2021-04-18,-0.12781727665353035
2021-04-19,0.04433898336888455
2021-04-20,0.13551535668953565
2021-04-21,-0.1441125482883543
2021-04-22,-0.055892492515973294
2021-04-23,-0.12494776104127245
2021-04-24,-0.007923120277184201
2021-04-25,0.06129712075266895
2021-04-26,-0.0630887582068491
2021-04-27,0.0367079464158661
2021-04-28,-0.010489920808826249
2021-04-29,0.0641715671937126
2021-04-30,-0.0416787248451245
2021-05-01,0.08561502204646944
2021-05-02,0.04490813935369315
2021-05-03,-0.0304526864299232
2021-05-04,0.0120694135354871
2021-05-05,0.09897375812633005
2021-05-06,0.0810004536210581
2021-05-07,-0.06237453961881324
2021-05-08,0.08644595894745905
2021-05-09,-0.0767260654931325
2021-05-10,-0.056453078576615294
2021-05-11,-0.14512977946084665
2021-05-12,0.028503244138888505
2021-05-13,-0.12222999651266048
2021-05-14,0.10316042499216115
2021-05-15,0.02808753421933305
2021-05-16,-0.037113800307062544
2021-05-17,0.012140155946539501
2021-05-18,-0.010778873272087958
2021-05-19,-0.02672402332907
2021-05-20,-0.0916776297993668
2021-05-21,0.07317750038505991
2021-05-22,-0.035634887342625196
2021-05-23,0.0098690328919536
2021-05-24,-0.04262446089525454
2021-05-25,0.02116884902151349
2021-05-26,-0.04261679709065065
2021-05-27,-0.004356255462617101
2021-05-28,-0.018221970308325647
2021-05-29,-0.016204377995101445
2021-05-30,0.00910193662865795
2021-05-31,-0.013734431391893703
2021-06-01,-4.165772548690022e-05
2021-06-02,0.0726046990329747
2021-06-03,0.06670649371814044
2021-06-04,-0.04713909148246695
2021-06-05,-0.023002949311265897
2021-06-06,-0.009691189772327052
2021-06-07,-0.0163500489610435
2021-06-08,-0.06553159140403444
2021-06-09,0.0049515961500655
2021-06-10,0.06298901389614946
2021-06-11,-0.005060395934772352
2021-06-12,0.014486200599046251
2021-06-13,-0.03612828303817835
2021-06-14,0.03626948755211584
2021-06-15,0.010177521357534998
2021-06-16,-0.0077425485842536005
2021-06-17,-0.008492115939140447
2021-06-18,-0.0046876792299373
2021-06-19,-0.02421745187883255
2021-06-20,0.001431559870564699
2021-06-21,-0.0264222622272672
2021-06-22,-0.20424412768218364
2021-06-23,0.04941553172143625
2021-06-24,0.1051922315524364
2021-06-25,0.0651771970800862
2021-06-26,-0.043432582826624204
2021-06-27,0.006857567739127399
2021-06-28,0.034342385748377474
2021-06-29,-0.039231772966896256
2021-06-30,0.013389492074842649
2021-07-01,-0.05386735687073705
2021-07-02,-0.003741181840974349
2021-07-03,-0.0027934641337747992
2021-07-04,0.0010205715682768488
2021-07-05,-0.0158576789175723
2021-07-06,-0.02829338702620435
2021-07-07,-0.012984003908854099
2021-07-08,-0.0224920426469002
2021-07-09,-0.015818466221573298
2021-07-10,0.03729544895359875
2021-07-11,-0.0118112762505306
2021-07-12,0.008703016705708801
2021-07-13,-0.006341870844039598
2021-07-14,-0.008170892665378501
2021-07-15,-0.01234544897983315
2021-07-16,-0.03501909874382525
2021-07-17,-0.01599022125084245
2021-07-18,0.02144699040368285
2021-07-19,0.00416480674656565
2021-07-20,-0.025422007023766895
2021-07-21,-0.00711557794610615
2021-07-22,0.033404775660620056
2021-07-23,-0.0036133982766237503
2021-07-24,0.000841444245199597
2021-07-25,0.006342599752007853
2021-07-26,0.02398774320015995
2021-07-27,0.030924461697051202
2021-07-28,0.003587045730288653
2021-07-29,0.0187667056123003
2021-07-30,-0.0164008934322359
2021-07-31,-0.0015981254995668971
2021-08-01,0.001171379795438252
2021-08-02,-0.03950635142334525
2021-08-03,-0.0287444830618888
2021-08-04,-0.010522919214345203
2021-08-05,-0.00927393705044795
2021-08-06,-0.004970651285094298
2021-08-07,0.02167600765508655
2021-08-08,0.09065310766549761
2021-08-09,-0.027472863501796545
2021-08-10,0.042163156762707196
2021-08-11,-0.0017839742454205999
2021-08-12,0.012778403333534853
2021-08-13,0.006431098765753349
2021-08-14,0.028853790156047943
2021-08-15,-0.0751507961363745
2021-08-16,0.0651483490340361
2021-08-17,-0.005266084686502602
2021-08-18,-0.014509105754203402
2021-08-19,-0.00726697601942205
2021-08-20,-0.029838051958063744
2021-08-21,0.0045462210070972425
2021-08-22,-0.007077561053665849
2021-08-23,-0.0112303773506208
2021-08-24,-0.045041606370092205
2021-08-25,0.015266465623909452
2021-08-26,-0.005874864203633399
2021-08-27,0.003907308686166004
2021-08-28,0.007239474846134394
2021-08-29,0.007376946399902799
2021-08-30,0.0030308340156506505
2021-08-31,0.009272303176683497
2021-09-01,0.008001556762644
2021-09-02,0.0018197633486164502
2021-09-03,0.014992853970913152
2021-09-04,-0.015418751086596301
2021-09-05,0.0010794325485630005
2021-09-06,-0.0024978437890312982
2021-09-07,0.0110647730853079
2021-09-08,0.03677446886502672
2021-09-09,-0.004113480667452599
2021-09-10,-0.01647900380119225
2021-09-11,-0.00015437772922699544
2021-09-12,-0.010377277517138798
2021-09-13,0.010409046940262994
2021-09-14,-0.0240882458994676
2021-09-15,0.01170656664062325
2021-09-16,0.02141501575562335
2021-09-17,-0.0008805374988354008
2021-09-18,0.02907761340177955
2021-09-19,0.010130818077800498
2021-09-20,-0.0047661983590683975
2021-09-21,-0.03743727364817721
2021-09-22,-0.046763957499777395
2021-09-23,0.02678975810221465
2021-09-24,0.0264880546361832
2021-09-25,-0.017581282404159203
2021-09-26,-0.027480416940950603
2021-09-27,-0.024103799180285303
2021-09-28,-0.005175267243113148
2021-09-29,-0.00044584158169479887
2021-09-30,0.00379149633639015
2021-10-01,0.01178367706978475
2021-10-02,0.0446694675549407
2021-10-03,-0.024155383406605203
2021-10-04,0.0052368423534847
2021-10-05,0.059152130036156554
2021-10-06,0.023372543179458593
2021-10-07,0.025977731771988047
2021-10-08,-0.0314984092991584
2021-10-09,0.00456600534482565
2021-10-10,0.0144346032368289
2021-10-11,-0.018342994669528948
2021-10-12,0.01395279037932675
2021-10-13,-0.0157774975877478
2021-10-14,0.0090619205511279
2021-10-15,-0.02430302814721905
2021-10-16,0.028559341961331204
2021-10-17,0.00629511003232955
2021-10-18,0.0037272737089362
2021-10-19,0.032870752684354
2021-10-20,0.006061818883329399
2021-10-21,-0.007421650189524502
2021-10-22,-0.044267013842314545
2021-10-23,0.0044532845636689996
2021-10-24,0.009320304526692752
2021-10-25,0.059470224101897645
2021-10-26,-0.02494097279204655
2021-10-27,-0.023563232166907748
2021-10-28,-0.028192498870454094
2021-10-29,0.08792097499881035
2021-10-30,-0.0224024915207988
2021-10-31,-0.02854402975212044
2021-11-01,0.022377456731939298
2021-11-02,-0.02079319028880695
2021-11-03,-0.014259424776988449
2021-11-04,-0.03844779416015355
2021-11-05,-0.0031941008110041007
2021-11-06,0.0521472886029177
2021-11-07,-0.012111342714295849
2021-11-08,-0.035520374372837595
2021-11-09,0.024023452127453812
2021-11-10,-0.00430248896034225
2021-11-11,-0.013904333959304495
2021-11-12,0.0015845873995866
2021-11-13,-0.01721197625493495
2021-11-14,0.0050274179633033
2021-11-15,0.007925084608089349
2021-11-16,-0.014521722896135
2021-11-17,0.0012693547690280915
2021-11-18,-0.00557568138955775
2021-11-19,0.007154807527103103
2021-11-20,-0.023960388543544958
2021-11-21,-0.012463777196294998
2021-11-22,0.006783209759231801
2021-11-23,-0.0012668647535353517
2021-11-24,-0.004770548801402701
2021-11-25,0.0028728152185175486
2021-11-26,0.0025265997550810507
2021-11-27,0.0360663735894233
2021-11-28,-0.007839690211756501
2021-11-29,-0.011942807142509653
2021-11-30,0.008791373761554849
2021-12-01,-0.0297384002885859
2021-12-02,0.008642865305338148
2021-12-03,0.0026244606932060996
2021-12-04,-0.014334652345813804
2021-12-05,-0.08368838785657301
2021-12-06,-0.03452650140516115
2021-12-07,0.015390045922312495
2021-12-08,0.00167128054120275
2021-12-09,-0.00867348435312135
2021-12-10,-0.018932703750880756
2021-12-11,0.007865675877719653
2021-12-12,0.0125384894201564
2021-12-13,0.0012582970645532501
2021-12-14,-0.027564355569139047
2021-12-15,0.10478971460351465
2021-12-16,-0.03990732157931845
2021-12-17,-0.0308905856736509
2021-12-18,-0.0148072990707017
2021-12-19,0.0032861101139416513
2021-12-20,-0.003853266736071649
2021-12-21,0.0014497001784349994
2021-12-22,0.009317876651381951
2021-12-23,-0.01889096099205305
2021-12-24,-0.0199229925542583
2021-12-25,0.0428802414601907
2021-12-26,-0.018079829351077353
2021-12-27,-0.000368939565718433
2021-12-28,-0.0028822646984331454
2021-12-29,-0.03809074836847742
2021-12-30,-0.014843271017994347
2021-12-31,0.009977846272022748
2022-01-01,-0.005899004963420201
2022-01-02,0.010397979283119599
2022-01-03,-0.007302404364393399
2022-01-04,-0.012809168685303098
2022-01-05,-0.016072041983800002
2022-01-06,-0.019710317859335948
2022-01-07,0.017480541191499346
2022-01-08,-0.002655136914369749
2022-01-09,0.005967774340017702
2022-01-10,-0.01249865003775145
2022-01-11,-0.010666964889424698
2022-01-12,0.019373147837872345
2022-01-13,0.018499271936237148
2022-01-14,0.036048469157333854
2022-01-15,0.02746173798653265
2022-01-16,0.0020007741465578
2022-01-17,-0.02427943042518565
2022-01-18,-0.007230635101029854
2022-01-19,-0.0084206453552246
2022-01-20,-0.007151271500986748
2022-01-21,-0.0185249625349409
2022-01-22,-0.0120703579793916
2022-01-23,-0.01444431763616831
2022-01-24,0.01116556904404055
2022-01-25,0.033510605379113594
2022-01-26,-0.004097368834590349
2022-01-27,0.00539226521282845
2022-01-28,0.01587629624506965
2022-01-29,-0.033994588365245104
2022-01-30,-0.0005334960524408499
2022-01-31,-0.018620279292841553
2022-02-01,0.0016062336251586994
2022-02-02,-0.01312009448248085
2022-02-03,-0.023268288578578447
2022-02-04,0.00503000437473595
2022-02-05,-0.001886067613666248
2022-02-06,-0.01992616248084585
2022-02-07,0.0030283142546451494
2022-02-08,0.0044977206508922535
2022-02-09,-0.0448973633166244
2022-02-10,-0.0022134596330951007
2022-02-11,-0.01613342926369855
2022-02-12,-0.011873385736131802
2022-02-13,0.034648139483598205
2022-02-14,0.005968739872754551
2022-02-15,-0.0139857288770588
2022-02-16,-0.015562076692079
2022-02-17,-0.004511116378394003
2022-02-18,-0.0017481410493308536
2022-02-19,-0.024354566452963397
2022-02-20,-0.00846630337938285
2022-02-21,-0.01187386669207945
2022-02-22,-0.0407859014590556
2022-02-23,0.01699711027932645
2022-02-24,-0.0169735209666586
2022-02-25,-0.004826199908595601
2022-02-26,-0.004520803072926394
2022-02-27,-0.00577274487921795
2022-02-28,0.0035502978400485455
2022-03-01,0.012321717836635757
2022-03-02,0.0289307319686953
2022-03-03,0.01538480991529995
2022-03-04,-0.005085556399341749
2022-03-05,-0.008641725685518346
2022-03-06,-0.004414458897696151
2022-03-07,0.007210775722478947
2022-03-08,-0.0038773234440913976
2022-03-09,-0.007214888366338299
2022-03-10,0.018867878058033444
2022-03-11,-0.0199631264420393
2022-03-12,-0.0103906179644329
2022-03-13,-0.0038776328645036004
2022-03-14,-0.009663642754741252
2022-03-15,-0.010255087475712
2022-03-16,-0.00219380378104815
2022-03-17,-0.007509327303057901
2022-03-18,0.01046339596134805
2022-03-19,-0.013223098198929403
2022-03-20,-0.02417393568337895
2022-03-21,-0.0219547335865202
2022-03-22,-0.03398391004924435
2022-03-23,-0.045919140248480844
2022-03-24,0.0561855440354945
2022-03-25,0.022409401076794302
2022-03-26,-0.01326037301665265
2022-03-27,0.015291653652430248
2022-03-28,0.030424025073521405
2022-03-29,-0.011604510871467848
2022-03-30,0.0032038561929530005
2022-03-31,-0.0097542263228259
2022-04-01,-0.021435719288901603
2022-04-02,-0.0017757262409441518
2022-04-03,-0.01254843495363125
2022-04-04,0.0263081377448266
2022-04-05,-0.0021213576811003588
2022-04-06,0.07024722484766875
2022-04-07,-0.11545236672358497
2022-04-08,0.016965267829516
2022-04-09,-0.004867734246895149
2022-04-10,-0.0007528723841801997
2022-04-11,0.02176725088236195
2022-04-12,-0.008391787225224406
2022-04-13,0.016250431180247802
2022-04-14,0.002216520159617652
2022-04-15,0.020776263992877998
2022-04-16,0.02520138706530425
2022-04-17,-0.01373999394516915
2022-04-18,-0.013349907721653849
2022-04-19,0.005504303114808947
2022-04-20,0.0101604941113781
2022-04-21,0.00866755904757605
2022-04-22,0.00397455954625105
2022-04-23,-0.008145135747619152
2022-04-24,0.0084498279388735
2022-04-25,-0.0048098861597064
2022-04-26,0.08715784032889205
2022-04-27,-0.011531929400476704
2022-04-28,-0.000697401692498701
2022-04-29,-0.01262613637334395
2022-04-30,-0.003779591175834804
2022-05-01,0.0236897372768837
2022-05-02,-0.011438327403313894
2022-05-03,0.020311689774304247
2022-05-04,-0.011364611775873064
2022-05-05,-0.015707448090017798
2022-05-06,-0.01714968661937529
2022-05-07,-0.00385639797812705
2022-05-08,-0.01055696897502285
2022-05-09,0.015426342824857053
2022-05-10,0.054016620269999954
2022-05-11,0.0069072469778029034
2022-05-12,0.0652982989759839
2022-05-13,0.0349245039013133
2022-05-14,-0.005553352480787407
2022-05-15,-0.02336294399038395
2022-05-16,-0.030787943407942907
2022-05-17,-0.0011734955355118468
2022-05-18,-0.014854192496917343
2022-05-19,0.050243127127832896
2022-05-20,0.007659551720574954
2022-05-21,0.00515014012867715
2022-05-22,0.00804696224918245
2022-05-23,-0.0008863782229727481
2022-05-24,0.0070916619086051486
2022-05-25,0.00746727042801585
2022-05-26,0.007661294405561851
2022-05-27,0.0013779401111937498
2022-05-28,0.028604749326444898
2022-05-29,-0.0096724335031747
2022-05-30,-0.005723648517460499
2022-05-31,0.016573927059504
2022-06-01,0.0028875209208790997
2022-06-02,-0.0283474284921523
2022-06-03,0.01864904428039645
2022-06-04,-0.012990750882928396
2022-06-05,0.002847592244127301
2022-06-06,0.0017621894744176
2022-06-07,0.01617103529843105
2022-06-08,-0.033168518259764
2022-06-09,0.018115279960673053
2022-06-10,0.0037764879267870996
2022-06-11,-0.01434228741326285
2022-06-12,0.01859496195103766
2022-06-13,-0.027908441151178194
2022-06-14,-0.022737776052996178
2022-06-15,-0.014611062574636001
2022-06-16,0.03394218463664948
2022-06-17,-0.00047807428604404456
2022-06-18,-0.005410544976863902
2022-06-19,-0.007456341246085393
2022-06-20,0.04149280404349876
2022-06-21,-0.0031718321885470502
2022-06-22,0.05127944879991524
2022-06-23,-0.015140449645640701
2022-06-24,0.002416500685618349
2022-06-25,-0.0091997765310507
2022-06-26,0.0106980851977956
2022-06-27,0.043776934180798546
2022-06-28,-0.012253119476936799
2022-06-29,-0.03762040489529715
2022-06-30,0.0418980275875895
2022-07-01,-0.014087943555160347
2022-07-02,-0.011252436709913851
2022-07-03,-0.0016129442210480501
2022-07-04,0.0012165832900221
2022-07-05,0.003316828635530497
2022-07-06,-0.01236187906523195
2022-07-07,-0.007334244106843905
2022-07-08,0.0198456106809005
2022-07-09,-0.008592102978466399
2022-07-10,-0.0081441417570769
2022-07-11,0.012895649487229502
2022-07-12,-0.03156853868256771
2022-07-13,-0.005537526613715753
2022-07-14,0.0037608565517623024
2022-07-15,-0.021068511678893547
2022-07-16,-0.005937619531980902
2022-07-17,-0.02032400236104085
2022-07-18,-0.004336942516004949
2022-07-19,-0.008237577381043512
2022-07-20,0.04176877277863895
2022-07-21,0.0184784265094636
2022-07-22,-0.0279688731493008
2022-07-23,-0.01447426939788685
2022-07-24,0.0039897566782478
2022-07-25,-0.00407617247047155
2022-07-26,-0.01180530849360921
2022-07-27,-0.00238754593914215
2022-07-28,-0.002720767377759295
2022-07-29,0.0067702689539347535
2022-07-30,-0.0001305109081731503
2022-07-31,0.0097403090744946
2022-08-01,-0.012130567474647401
2022-08-02,0.0160110965273832
2022-08-03,-0.017742149345219897
2022-08-04,-0.0054710309478583
2022-08-05,0.0079885981551999
2022-08-06,-0.0036447045470683025
2022-08-07,-0.00350658643611205
2022-08-08,0.0038093431597734
2022-08-09,0.0076229351286762025
2022-08-10,0.030575136481496602
2022-08-11,-0.01648804258956085
2022-08-12,0.0006772468865009775
2022-08-13,0.009746118315317399
2022-08-14,-0.0170912344892507
2022-08-15,0.05988737507846685
2022-08-16,-0.029901468451517102
2022-08-17,0.05692377569230516
2022-08-18,-0.020158541914878654
2022-08-19,-0.013296260123976097
2022-08-20,0.016663321869475
2022-08-21,0.00226349536443975
2022-08-22,-0.0068970763466762505
2022-08-23,-0.02160268521300915
2022-08-24,-0.003876548310661152
2022-08-25,0.0087819364109845
2022-08-26,0.0011060358891585506
2022-08-27,0.0038708781431290584
2022-08-28,-0.019271453516764448
2022-08-29,-0.002109296910932198
2022-08-30,-0.029166173032033803
2022-08-31,-0.002414371494479352
2022-09-01,-0.0109877198364798
2022-09-02,-0.011838057035790703
2022-09-03,-0.0097172994328942
2022-09-04,0.007764210118522601
2022-09-05,-0.019806792029180047
2022-09-06,-0.016834835504958852
2022-09-07,-0.03573230793676185
2022-09-08,0.0058322476306902
2022-09-09,-0.0020842355749837002
2022-09-10,0.04845938537265224
2022-09-11,-0.002954922982437897
2022-09-12,-0.0013375539258537019
2022-09-13,0.0284324903451289
2022-09-14,-0.042597290803522495
2022-09-15,-0.003316552096979052
2022-09-16,0.016672014792845198
2022-09-17,0.03075959722454255
2022-09-18,0.010325238664606
2022-09-19,-0.010270845298964909
2022-09-20,-0.00182495395134415
2022-09-21,0.0005968641291841
2022-09-22,0.010136361575396123
2022-09-23,0.013490745404999099
2022-09-24,0.025498947890984797
2022-09-25,-0.004888052787821446
2022-09-26,-0.010933764930969451
2022-09-27,-0.004530516502693651
2022-09-28,-0.006554725046552551
2022-09-29,0.00457167699399055
2022-09-30,0.007458212710544849
2022-10-01,0.0059965531671196505
2022-10-02,-0.004176802118517951
2022-10-03,-0.005903313381983348
2022-10-04,0.005385462765536853
2022-10-05,0.04869634302060774
2022-10-06,-0.011082661663069399
2022-10-07,-0.01608839829147625
2022-10-08,-0.0141118230044549
2022-10-09,0.0011778671422807002
2022-10-10,0.0008688000403306645
2022-10-11,0.0022399925112788523
2022-10-12,0.037303350872906996
2022-10-13,-0.00098429708397815
2022-10-14,0.0211872407494322
2022-10-15,-0.010386602801882599
2022-10-16,0.004766167528701213
2022-10-17,-0.0054647432884311
2022-10-18,0.00946301430642925
2022-10-19,0.002387928786875001
2022-10-20,-0.00824575960840655
2022-10-21,0.00664973171155805
2022-10-22,-0.0030948785448098497
2022-10-23,-0.002552435323622899
2022-10-24,-0.006020001553998249
2022-10-25,-0.006172127970673
2022-10-26,0.005649278878014162
2022-10-27,0.054154237938663766
2022-10-28,0.034810915091327
2022-10-29,0.03829211650950094
2022-10-30,0.1631509484992495
2022-10-31,-0.005627177043484951
2022-11-01,0.04003828973099437
2022-11-02,0.05408389925812665
2022-11-03,-0.041728656297530455
2022-11-04,-0.02322099350494205
2022-11-05,0.0008117327544430453
2022-11-06,0.0018174375030771501
2022-11-07,-0.0400038118841923
2022-11-08,0.0005216515035495507
2022-11-09,-0.10173759420822001
2022-11-10,0.015324136966450741
2022-11-11,0.05628724250811956
2022-11-12,0.015582990996001748
2022-11-13,-0.030905679614826556
2022-11-14,-0.0012217822139357487
2022-11-15,0.005525433817891999
2022-11-16,0.0085624544697749
2022-11-17,-0.0014229343688704522
2022-11-18,0.003180432287117699
2022-11-19,-0.00591486097136035
2022-11-20,-0.00252030930456115
2022-11-21,-0.024310523520058348
2022-11-22,-0.02814125542375385
2022-11-23,0.024481695056569594
2022-11-24,0.015634461080351852
2022-11-25,-0.01216709310997775
2022-11-26,0.04425604123542285
2022-11-27,-0.00619097180663435
2022-11-28,0.055058553042051844
2022-11-29,-0.014603565619697148
2022-11-30,0.023028923891031797
2022-12-01,0.017056606255553244
2022-12-02,-0.0263125704170856
2022-12-03,-0.0019335314271611498
2022-12-04,0.0024128835157829
2022-12-05,0.014752455693258646
2022-12-06,-0.00977546102024805
2022-12-07,-0.008298314222173699
2022-12-08,-0.014937271600554601
2022-12-09,0.005473293839321752
2022-12-10,-0.003411248376362198
2022-12-11,-0.0047497317262528
2022-12-12,-0.01880918468679145
2022-12-13,-0.01274365738378525
2022-12-14,0.0020209709241666984
2022-12-15,-0.0107084464811542
2022-12-16,-0.0190727794359037
2022-12-17,-0.0321100786903842
2022-12-18,0.01729301829079365
2022-12-19,-0.0027052357446825
2022-12-20,-0.05239307432065259
2022-12-21,0.01669003149443135
2022-12-22,-0.009908230595185601
2022-12-23,0.020985554555389602
2022-12-24,-0.0003338326170315999
2022-12-25,0.0043014014863169
2022-12-26,-0.0112286793925451
2022-12-27,-0.00236306794904
2022-12-28,-0.013272720246635951
2022-12-29,-0.01921656516686005
2022-12-30,0.0032478603304319995
2022-12-31,-0.019261419250353327
2023-01-01,0.01279252312398775
2023-01-02,0.00019641627718225765
2023-01-03,0.0042885477674303495
2023-01-04,-0.00666597466377105
2023-01-05,0.007833147011957253
2023-01-06,-0.010148936139482628
2023-01-07,0.0031343635175353005
2023-01-08,-0.00019822455046614954
2023-01-09,0.00291130927693205
2023-01-10,0.005938859006388901
2023-01-11,0.013568896618910052
2023-01-12,0.0004546267014993999
2023-01-13,0.0022531863245973983
2023-01-14,0.020196385466698847
2023-01-15,0.0231000516716366
2023-01-16,0.0035623837759105005
2023-01-17,0.0237262574559517
2023-01-18,-0.00028249498106405063
2023-01-19,-0.00042317283732050404
2023-01-20,0.005216889718896049
2023-01-21,0.03044627120754429
2023-01-22,0.0028881120888971518
2023-01-23,0.01887640936287645
2023-01-24,0.00663190901835535
2023-01-25,-0.011287561028409998
2023-01-26,0.0100493487851026
2023-01-27,-0.0011876573086395002
2023-01-28,0.006403510481556201
2023-01-29,0.01153546331344605
2023-01-30,0.006015988957673694
2023-01-31,-0.00859703208669305
2023-02-01,0.045884393099179646
2023-02-02,-0.0161358620563432
2023-02-03,-0.021621937674410903
2023-02-04,0.0033409728433627496
2023-02-05,-0.0114983701854087
2023-02-06,0.0004628133193324037
2023-02-07,-0.001043539748819199
2023-02-08,0.0011957708437080501
2023-02-09,0.0007508201324952987
2023-02-10,-0.005399344306223804
2023-02-11,0.00401699013726735
2023-02-12,-0.00494971024349135
2023-02-13,0.007447974723874949
2023-02-14,0.008588732681129951
2023-02-15,-0.004616536020845049
2023-02-16,0.0022766082024093526
2023-02-17,0.0107109336012766
2023-02-18,-0.01916680578587765
2023-02-19,-0.01755309036828325
2023-02-20,-0.0017557309134415017
2023-02-21,0.020538073333064
2023-02-22,0.0343741941073461
2023-02-23,-0.023380989141720602
2023-02-24,-0.01989207792748135
2023-02-25,-0.023203077001000508
2023-02-26,0.00335291914628235
2023-02-27,0.0018765555381325006
2023-02-28,-0.0037524252956700997
2023-03-01,-0.00152720007168795
2023-03-02,0.00014239049204435236
2023-03-03,-0.0089137418241979
2023-03-04,-0.022296941306070805
2023-03-05,-0.0149328717810066
2023-03-06,0.00400831027993335
2023-03-07,-0.0005851047700974
2023-03-08,-0.008809033291523799
2023-03-09,-0.022085630719735204
2023-03-10,-0.03799530504493615
2023-03-11,0.004100846010920499
2023-03-12,0.01026920918246975
2023-03-13,0.017304951495668054
2023-03-14,0.028033042151815055
2023-03-15,0.015490464320356603
2023-03-16,-0.026168754944134297
2023-03-17,0.028459040312779002
2023-03-18,0.035779634032844905
2023-03-19,-0.0224016636871495
2023-03-20,0.023411296143080254
2023-03-21,-0.0121074183767142
2023-03-22,0.023476776450667654
2023-03-23,-0.01553181568320905
2023-03-24,0.02007363119720395
2023-03-25,-0.011285285288084194
2023-03-26,-0.0068347543323291
2023-03-27,0.0029858050091225003
2023-03-28,-0.0088749798090181
2023-03-29,-0.008133773757754053
2023-03-30,0.027121643265319205
2023-03-31,-0.015616584010075521
2023-04-01,0.01835628887299795
2023-04-02,0.028812544878581803
2023-04-03,-0.0130886153836277
2023-04-04,0.08546265132427044
2023-04-05,-0.0162043850589332
2023-04-06,-0.0204902019284337
2023-04-07,-0.034964784097207394
2023-04-08,-0.0181341414890401
2023-04-09,-0.0022964704560359
2023-04-10,0.01684569916522408
2023-04-11,0.017538052499049828
2023-04-12,0.010532922936319182
2023-04-13,-0.016115003060157403
2023-04-14,0.0069569290465026495
2023-04-15,-0.01279819267462335
2023-04-16,-0.0229804284061792
2023-04-17,-0.0015562823334303501
2023-04-18,-0.017335673927960052
2023-04-19,0.0208558025857818
2023-04-20,-0.01972145219067655
2023-04-21,-0.0338411759094439
2023-04-22,-0.027097671858017747
2023-04-23,0.01677760707700673
2023-04-24,-0.010750358337711152
2023-04-25,0.004370295835412
2023-04-26,0.0133455883659334
2023-04-27,-0.006560896947849861
2023-04-28,0.017721334623495254
2023-04-29,0.0033713602252005495
2023-04-30,0.0007484521897091496
2023-05-01,-0.0012370706396013977
2023-05-02,-0.01353661941755035
2023-05-03,-0.0023921515216347514
2023-05-04,0.0089718729379466
2023-05-05,-0.004449204912794701
2023-05-06,0.003781983264240351
2023-05-07,-0.009831991375308352
2023-05-08,0.005281049354572451
2023-05-09,-0.021710657022261104
2023-05-10,0.0010021981953330008
2023-05-11,0.0026283970257205
2023-05-12,-0.007810533499119501
2023-05-13,-0.003800388983647482
2023-05-14,-0.0010292001592832993
2023-05-15,0.00208625143220795
2023-05-16,-0.00017093387844240027
2023-05-17,-4.019223385919962e-05
2023-05-18,0.013742648171353851
2023-05-19,-0.012749147621433598
2023-05-20,-0.0011831964228774497
2023-05-21,0.0027705921238869047
2023-05-22,-0.012481917013961301
2023-05-23,0.00806010214537395
2023-05-24,0.0033635554014266496
2023-05-25,-0.0205433911860286
2023-05-26,0.00350219208577485
2023-05-27,0.014498006668805949
2023-05-28,0.0029124819973335506
2023-05-29,0.027378982962264466
2023-05-30,-0.0040402365413230515
2023-05-31,-0.00802945570009465
2023-06-01,-0.006327082135686101
2023-06-02,-0.00534305581732245
2023-06-03,0.003326297139312401
2023-06-04,-0.0003382364470369001
2023-06-05,0.0039418435346067
2023-06-06,-0.04838830386281
2023-06-07,0.03463121588452825
2023-06-08,-0.023837750014469354
2023-06-09,0.0036341651044021
2023-06-10,0.0124766799226979
2023-06-11,-0.04527726355796056
2023-06-12,-0.0014369645535875003
2023-06-13,0.0015776560772285501
2023-06-14,0.002707037423688094
2023-06-15,0.00016437855014844738
2023-06-16,0.013493139728385901
2023-06-17,0.004532097244957399
2023-06-18,0.0010457445383007997
2023-06-19,-7.926962871975017e-05
2023-06-20,0.0035905863091189993
2023-06-21,0.017475264590775554
2023-06-22,0.024561166614145504
2023-06-23,0.000760709553722501
2023-06-24,0.026213594734806996
2023-06-25,-0.008542571963218198
2023-06-26,-0.0076229905892364995
2023-06-27,-0.008259074749582198
2023-06-28,0.005263360260385151
2023-06-29,-0.01638162964352715
2023-06-30,0.0065901608103024496
2023-07-01,0.0016603462975323495
2023-07-02,0.01946221512426695
2023-07-03,-0.00664465086373265
2023-07-04,0.0068634496601706
2023-07-05,0.00276188145979055
2023-07-06,-0.01209374776171615
2023-07-07,-0.008001212003762099
2023-07-08,0.0043571111699719
2023-07-09,0.0030015783859219996
2023-07-10,-0.00441640532024145
2023-07-11,-0.00151520104557425
2023-07-12,0.0046278971353213
2023-07-13,-0.0041886786240228
2023-07-14,0.024711607385019048
2023-07-15,-0.0168690969556946
2023-07-16,0.026198324738976285
2023-07-17,-0.015848931428684602
2023-07-18,0.00445666927702575
2023-07-19,-0.0118237940063921
2023-07-20,0.01454387255235685
2023-07-21,0.0005169422600977498
2023-07-22,0.021508631444586798
2023-07-23,-0.01556036009872035
2023-07-24,0.00893203244154575
2023-07-25,0.012287490134077352
2023-07-26,0.0443184218783579
2023-07-27,-0.02431747744537405
2023-07-28,-0.00153927579609055
2023-07-29,-0.00382087526302817
2023-07-30,0.017850546929980997
2023-07-31,-0.01029190775567155
2023-08-01,-0.00016306544571829452
2023-08-02,-0.0004614032470551775
2023-08-03,-0.020220940100794803
2023-08-04,0.00869030464897965
2023-08-05,-0.0013927334455202498
2023-08-06,0.011596501255493401
2023-08-07,-0.007241097551539826
2023-08-08,-0.0028153962735856
2023-08-09,0.004915341169107853
2023-08-10,-0.0005118293608024555
2023-08-11,0.0024220304160401996
2023-08-12,0.0044704228570502
2023-08-13,0.00923407838059725
2023-08-14,-0.008378500285817101
2023-08-15,-0.0010604927730200498
2023-08-16,-0.021629142222411298
2023-08-17,-0.022609067609419504
2023-08-18,-0.014517466527944639
2023-08-19,-0.004211006614985503
2023-08-20,-0.0056517353196994
2023-08-21,-0.007239520940282149
2023-08-22,0.0086419910000578
2023-08-23,0.0179672308858148
2023-08-24,-0.01383688684020315
2023-08-25,-0.002644430094769501
2023-08-26,0.00957022293860805
2023-08-27,-7.120613260269996e-05
2023-08-28,-0.00477073206787685
2023-08-29,-0.00396563160164365
2023-08-30,0.0216711853912447
2023-08-31,0.0021852624565532504
2023-09-01,-0.004683471091024197
2023-09-02,0.0075425969890352005
2023-09-03,-0.00689868964299715
2023-09-04,0.0005344095621483999
2023-09-05,0.0018834294266847002
2023-09-06,0.00318371596436845
2023-09-07,-0.003621618945882842
2023-09-08,0.0003857778071581497
2023-09-09,0.0007149033116652503
2023-09-10,-0.00142454137971875
2023-09-11,-0.007392980184861302
2023-09-12,0.021468315771979007
2023-09-13,-0.008301934440767551
2023-09-14,-0.0008081481614278501
2023-09-15,0.0007479597068628004
2023-09-16,0.0019702526613298004
2023-09-17,-0.0028375240291865
2023-09-18,-0.001767064646242599
2023-09-19,0.0037745975984261994
2023-09-20,0.012684209663759752
2023-09-21,0.0037476902497434496
2023-09-22,-0.00908651214681075
2023-09-23,-0.0011575995309474002
2023-09-24,-8.133179092957417e-05
2023-09-25,-0.008488000323879984
2023-09-26,0.0005104537948845498
2023-09-27,-0.0059090643024733
2023-09-28,7.312309228875002e-05
2023-09-29,0.004018143020065149
2023-09-30,-0.0008110050024686
2023-10-01,-0.00094213703693936
2023-10-02,0.008296618425302448
2023-10-03,0.005611222692235303
2023-10-04,-0.004700663239191899
2023-10-05,0.0079849542625164
2023-10-06,-0.0008171244117547508
2023-10-07,0.00408637942580185
2023-10-08,0.004021216739340728
2023-10-09,-0.004120336493327579
2023-10-10,-0.009062261756462096
2023-10-11,0.0034040386335495994
2023-10-12,-0.014490791574427501
2023-10-13,0.0023929667272887993
2023-10-14,0.0013448731684104999
2023-10-15,0.011349141745120977
2023-10-16,0.0006468783733790899
2023-10-17,0.019730695712827546
2023-10-18,-0.0006546466230325787
2023-10-19,-0.0048572663198650995
2023-10-20,0.0063946345463627
2023-10-21,0.014689369540918302
2023-10-22,0.00551167039694235
2023-10-23,-0.00431080824601115
2023-10-24,0.058603120892868996
2023-10-25,0.0040604246338536
2023-10-26,0.0218650193868011
2023-10-27,0.015778895862587697
2023-10-28,-0.026018209179396144
2023-10-29,0.012803493221742701
2023-10-30,0.002258849806579
2023-10-31,-0.0009675086032986
2023-11-01,-0.00887380122774175
2023-11-02,0.006598858244702651
2023-11-03,-0.002653037403750851
2023-11-04,-0.009180530499446001
2023-11-05,0.004421233687788351
2023-11-06,0.006338040097966499
2023-11-07,0.0333349548334509
2023-11-08,-0.0108467439922583
2023-11-09,0.0174867750847698
2023-11-10,-0.0588615480877632
2023-11-11,-0.00800226294475305
2023-11-12,-0.013988035436860998
2023-11-13,-0.0017929298178911502
2023-11-14,-0.032049872804456446
2023-11-15,-0.021357535016815803
2023-11-16,0.008860783882127646
2023-11-17,0.024515209600371
2023-11-18,0.038797321886659006
2023-11-19,-0.037421345512492495
2023-11-20,0.0016918798267145981
2023-11-21,-0.020223733878755697
2023-11-22,-0.03712139874716855
2023-11-23,0.013966833837520797
2023-11-24,0.0009374855822527385
2023-11-25,0.014677973440790651
2023-11-26,0.004477756849323549
2023-11-27,-0.0016205094703404992
2023-11-28,0.00745073297221535
2023-11-29,0.0139564100554009
2023-11-30,0.004029575500702399
2023-12-01,0.010319931103525401
2023-12-02,0.0078475276155937
2023-12-03,0.006035103273926947
2023-12-04,-0.0042929928394321
2023-12-05,0.048598856055923
2023-12-06,0.026882729156546648
2023-12-07,0.012226973875197302
2023-12-08,-0.027437469159292203
2023-12-09,0.03809502926073499
2023-12-10,-0.01669074297159855
2023-12-11,0.0163640792858043
2023-12-12,-0.0432338276884798
2023-12-13,0.00783787250045275
2023-12-14,0.01808574814997115
2023-12-15,-0.003600579812423701
2023-12-16,-0.0195078649257232
2023-12-17,0.02326249817616405
2023-12-18,-0.0243709054247976
2023-12-19,0.005072360313529715
2023-12-20,-0.007667164455662611
2023-12-21,0.023848403924521297
2023-12-22,0.010264505157578702
2023-12-23,-0.013224000467738698
2023-12-24,-0.010091650067504652
2023-12-25,-0.00881557707147285
2023-12-26,0.0193911868158508
2023-12-27,-0.020569153617332598
2023-12-28,-0.009352442769494446
2023-12-29,-0.0124386900794284
2023-12-30,2.7458055532201403e-05
2023-12-31,-0.0015228567451163002
2024-01-01,-0.0014102153652804498
2024-01-02,0.023028199457464697
2024-01-03,0.001546396470162349
2024-01-04,-0.04506359001934269
2024-01-05,0.012177540019664097
2024-01-06,-0.0069368414567482495
2024-01-07,-0.008994813200392
2024-01-08,-0.01169993580653195
2024-01-09,0.0325866333305474
2024-01-10,-0.02465343749750085
2024-01-11,-0.024561951837158254
2024-01-12,0.002213894974118501
2024-01-13,-0.046533947728795155
2024-01-14,-0.006235383507289601
2024-01-15,-0.0013440744677550472
2024-01-16,0.00788321349359325
2024-01-17,-0.0056228487961071
2024-01-18,0.004561681738987751
2024-01-19,-0.021052844797510798
2024-01-20,0.0022534307238358505
2024-01-21,0.05968740299336925
2024-01-22,-0.01676499225957235
2024-01-23,-0.020420009959500808
2024-01-24,0.00406341555496465
2024-01-25,0.0137602041895779
2024-01-26,-0.0064269930832595995
2024-01-27,0.0239451117100954
2024-01-28,0.0047257779290395
2024-01-29,-0.007090310927192202
2024-01-30,0.019703368619489348
2024-01-31,-0.0279365786007331
2024-02-01,0.01143636594328815
2024-02-02,0.0029852911307014993
2024-02-03,-0.0014280847598109499
2024-02-04,-0.0034126672696056497
2024-02-05,-0.005576774016972151
2024-02-06,-0.0021316739693294138
2024-02-07,-0.008941092635819152
2024-02-08,0.013107170541627172
2024-02-09,0.009578092533070001
2024-02-10,0.017155458176892596
2024-02-11,0.0031737621972212477
2024-02-12,0.00478465382838055
2024-02-13,-0.0038216173671400504
2024-02-14,-0.0082931062079192
2024-02-15,0.023862184772133043
2024-02-16,-0.01831188006390775
2024-02-17,-0.014722287009082999
2024-02-18,0.014639717117994153
2024-02-19,0.006995459896335699
2024-02-20,-0.01919473973607625
2024-02-21,0.01571400272619975
2024-02-22,-0.04226422813843175
2024-02-23,0.0046860530231026005
2024-02-24,-0.00526145528196105
2024-02-25,0.006446641189233701
2024-02-26,0.0018268030789143268
2024-02-27,0.005152784876436951
2024-02-28,-0.015162219321784805
2024-02-29,-0.04486257083781799
2024-03-01,-0.0057337816600594995
2024-03-02,-0.05574942691767924
2024-03-03,-0.20603525319556493
2024-03-04,-0.0060717514592008495
2024-03-05,0.050924247890954705
2024-03-06,0.07328893532882513
2024-03-07,0.0019661473374339503
2024-03-08,-0.011691411793082054
2024-03-09,-0.0245403277592792
2024-03-10,-0.03604842966621985
2024-03-11,-0.031148797928252547
2024-03-12,0.055052163091172654
2024-03-13,-0.0030823707710117
2024-03-14,0.0044631098344662026
2024-03-15,-0.01950890445225415
2024-03-16,0.028508851007279942
2024-03-17,0.018256197327733294
2024-03-18,-0.022151359709717953
2024-03-19,-0.020235157833429697
2024-03-20,-0.0457091384123248
2024-03-21,0.0717875328868402
2024-03-22,0.00022846976660865267
2024-03-23,-0.0026020946838289025
2024-03-24,0.03519081198846644
2024-03-25,0.05008046657957865
2024-03-26,-0.005355532715791603
2024-03-27,0.02304565520825455
2024-03-28,0.024446440190516554
2024-03-29,0.07718575105958402
2024-03-30,-0.015082234880209648
2024-03-31,-0.033130552959219704
2024-04-01,0.040776390914642704
2024-04-02,0.0019467866997325486
2024-04-03,-0.057616712928696905
2024-04-04,-0.0205533328315449
2024-04-05,0.027336032522390953
2024-04-06,-0.00755247350798015
2024-04-07,0.02368863734967575
2024-04-08,0.02424633997357315
2024-04-09,-0.0095587891129056
2024-04-10,-0.027382206779005554
2024-04-11,0.032951118706437695
2024-04-12,-0.013058681172569498
2024-04-13,-0.034693611405025
2024-04-14,-0.04795786140570245
2024-04-15,0.014265145674869698
2024-04-16,-0.012037800079882298
2024-04-17,-0.0120501027178681
2024-04-18,-0.029155257442227852
2024-04-19,0.0167006310472061
2024-04-20,0.0174376337252082
2024-04-21,0.013562367465076301
2024-04-22,-0.01241816427587931
2024-04-23,0.01611583404613153
2024-04-24,-0.01024457075579485
2024-04-25,-0.03155108463032075
2024-04-26,-0.0035831912468708
2024-04-27,-0.011714739434899698
2024-04-28,0.010116412645183264
2024-04-29,-0.0111047240940432
2024-04-30,-0.0178306256718045
2024-05-01,-0.031054194643809603
2024-05-02,0.02336210338248286
2024-05-03,-0.003123863374579
2024-05-04,0.025624698190989642
2024-05-05,0.0342338562294679
2024-05-06,0.0015585458643998502
2024-05-07,-0.01209061124045245
2024-05-08,-0.02233310171628745
2024-05-09,-0.03513345211808
2024-05-10,0.029813695551652645
2024-05-11,-0.01882582157318405
2024-05-12,-0.009189330111460151
2024-05-13,-0.02087952127023245
2024-05-14,0.0170995836883562
2024-05-15,-0.009324074821777552
2024-05-16,0.04573890447749096
2024-05-17,-0.012788872976989503
2024-05-18,0.015598685592254
2024-05-19,-0.0106952526781375
2024-05-20,-0.02772875978785445
2024-05-21,0.0024771865522371095
2024-05-22,-0.010816473612043947
2024-05-23,-0.014935692277625348
2024-05-24,-0.03198907028998535
2024-05-25,0.0223719302298584
2024-05-26,0.030465334536946102
2024-05-27,-0.03581599638521725
2024-05-28,0.0061495475997038525
2024-05-29,-0.01306929546628035
2024-05-30,0.0006000241186591999
2024-05-31,-0.0048787578901094
2024-06-01,-0.00994588698969933
2024-06-02,-0.0015520297801490043
2024-06-03,-0.0053266024143378485
2024-06-04,0.0133785795406819
2024-06-05,0.016865432154970047
2024-06-06,0.0029972913289922735
2024-06-07,-0.0059935982842658
2024-06-08,-0.030732604546265207
2024-06-09,-0.008258686107750903
2024-06-10,0.01441085045953755
2024-06-11,-0.00361543723034415
2024-06-12,-0.013974922448695547
2024-06-13,0.02295645431269775
2024-06-14,-0.013108454964949598
2024-06-15,-0.0292639956701293
2024-06-16,-0.00511861632737325
2024-06-17,0.0038346570093352505
2024-06-18,-0.016248815604440102
2024-06-19,-0.032586989124109345
2024-06-20,-0.012701780124804501
2024-06-21,0.015402574697586751
2024-06-22,-0.0084740381367293
2024-06-23,0.0034707572854175
2024-06-24,-0.003401493774489799
2024-06-25,-0.0267575195828086
2024-06-26,0.03435367652349514
2024-06-27,-0.016907651457761547
2024-06-28,0.011441598081574657
2024-06-29,-0.016321524003915067
2024-06-30,-3.3930021103199966e-05
2024-07-01,0.016669832820618048
2024-07-02,-0.00378103617956105
2024-07-03,0.00324579441466285
2024-07-04,-0.023160014329896148
2024-07-05,-0.052155915029539805
2024-07-06,0.015434839815839886
2024-07-07,0.03353383988953933
2024-07-08,0.004306117665696663
2024-07-09,-0.023626838041943557
2024-07-10,0.004133340104707233
2024-07-11,-0.006304089098917028
2024-07-12,-0.009455422042046049
2024-07-13,0.004458729509748499
2024-07-14,0.02447603186665465
2024-07-15,0.0182547076142674
2024-07-16,0.035742403960969345
2024-07-17,0.00729238682268995
2024-07-18,-0.01205484550274415
2024-07-19,-0.017050310305906653
2024-07-20,0.03461005365323029
2024-07-21,0.03643759685287535
2024-07-22,0.025007707803700152
2024-07-23,0.0017527660067740009
2024-07-24,-0.04566674679507784
2024-07-25,0.0074831960952140494
2024-07-26,0.015624162709898894
2024-07-27,0.0357519409852221
2024-07-28,-0.0034863487459077507
2024-07-29,-0.009595693619953551
2024-07-30,-0.0229025766377065
2024-07-31,-0.01038548220809855
2024-08-01,-0.01852823148894385
2024-08-02,-0.001916992441977159
2024-08-03,-0.030354676568998207
2024-08-04,-0.0063083635048598995
2024-08-05,-0.003891617709232943
2024-08-06,-0.029852170834642547
2024-08-07,0.019008040455363147
2024-08-08,0.01219802355445335
2024-08-09,0.04805171863550839
2024-08-10,-0.00864039521951655
2024-08-11,0.004166785317954449
2024-08-12,-0.030145492946516306
2024-08-13,0.006731129537917248
2024-08-14,0.00932100273804885
2024-08-15,-0.027171218012501053
2024-08-16,-0.0029305784560389493
2024-08-17,0.0067874494941242
2024-08-18,0.012566125044784701
2024-08-19,-0.02109129296888665
2024-08-20,0.011182056757845699
2024-08-21,0.015479252968627101
2024-08-22,0.021553782172784003
2024-08-23,-0.008644213793971917
2024-08-24,0.03784985994519524
2024-08-25,-0.0005185648054651
2024-08-26,-0.008856409464655952
2024-08-27,-0.019452028891890696
2024-08-28,-0.014609477758932302
2024-08-29,-0.015201811799558049
2024-08-30,0.007038043427906267
2024-08-31,0.007172655966145431
2024-09-01,-0.0033487355439528496
2024-09-02,-0.026553078430347248
2024-09-03,0.012191895966185352
2024-09-04,0.018982171676732402
2024-09-05,-0.007633124647946801
2024-09-06,-0.0292376166715783
2024-09-07,0.015634511031854148
2024-09-08,0.0050118114275145495
2024-09-09,0.0053337440952764
2024-09-10,0.04601419305357308
2024-09-11,-0.00685949011956445
2024-09-12,0.0014799639808765006
2024-09-13,0.009139370704726264
2024-09-14,0.023657253493324003
2024-09-15,-0.006829170782661587
2024-09-16,0.0015575728395946474
2024-09-17,-0.0184628585455292
2024-09-18,0.013823163733077449
2024-09-19,0.0167697319705985
2024-09-20,-0.0011047248067686498
2024-09-21,-0.01529300759802855
2024-09-22,0.01285202309992186
2024-09-23,-0.01043869005873355
2024-09-24,-0.005588614080673212
2024-09-25,0.013960486374858352
2024-09-26,-0.0007087059630965491
2024-09-27,0.0483030097461659
2024-09-28,0.015491871863760899
2024-09-29,0.02500518959483895
2024-09-30,-0.01431157561352105
2024-10-01,-0.0222686800720278
2024-10-02,-0.020801744840773104
2024-10-03,0.0249128780082639
2024-10-04,0.015115675943726849
2024-10-05,-0.007925532415221051
2024-10-06,0.01222495776097525
2024-10-07,-0.006977008125176751
2024-10-08,-0.004274690624502449
2024-10-09,-3.0569888184249494e-05
2024-10-10,0.0063673538788569
2024-10-11,-0.015368208913198449
2024-10-12,0.028768884248695906
2024-10-13,0.000539094923215501
2024-10-14,-0.0010625291051184
2024-10-15,0.016066999184674302
2024-10-16,0.00999770305119085
2024-10-17,-0.016854901152018847
2024-10-18,0.012852551143361325
2024-10-19,0.0316772010121741
2024-10-20,0.029164701623703
2024-10-21,-0.023707936607541873
2024-10-22,0.0095796641610929
2024-10-23,-0.006548891381971398
2024-10-24,0.015227648907870603
2024-10-25,-0.009438036444095799
2024-10-26,-0.005320040204788497
2024-10-27,0.017276100741422155
2024-10-28,0.025908501553119852
2024-10-29,0.05717133699712279
2024-10-30,0.05068554129453936
2024-10-31,-0.037623485978159454
2024-11-01,-0.0043180734715292
2024-11-02,-0.01270312058181225
2024-11-03,0.0031138529791910497
2024-11-04,-0.020116315805977048
2024-11-05,0.024521108546847102
2024-11-06,0.042948696689196146
2024-11-07,0.05661994843771525
2024-11-08,-0.03639503013101739
2024-11-09,0.0149470147916033
2024-11-10,0.011111779109110705
2024-11-11,0.13510039559074205
2024-11-12,0.13384846766504285
2024-11-13,0.0663953650003333
2024-11-14,0.0401866457203089
2024-11-15,-0.046551311776839646
2024-11-16,0.03764831068171405
2024-11-17,-0.0276255604245018
2024-11-18,0.00929866656640285
2024-11-19,-0.012099491108685401
2024-11-20,0.051309948865013624
2024-11-21,-0.0004378232290849493
2024-11-22,-0.010735261946238646
2024-11-23,0.037392598469071704
2024-11-24,0.00525489516058875
2024-11-25,0.006338848013118951
2024-11-26,-0.077952199332444
2024-11-27,-0.0026850203587380998
2024-11-28,-0.006039689905685451
2024-11-29,0.010730010058424399
2024-11-30,0.035087432135207555
2024-12-01,-0.024789877797629
2024-12-02,0.0262878026263925
2024-12-03,-0.01834871658192145
2024-12-04,-0.013885481688836897
2024-12-05,0.010008724359840546
2024-12-06,-0.0038617652283892013
2024-12-07,-0.0055415594972657994
2024-12-08,0.0220004351896526
2024-12-09,0.016518613984793498
2024-12-10,-0.038185053424580395
2024-12-11,-0.01715951567550595
2024-12-12,0.02092120693436142
2024-12-13,-0.021784731756410998
2024-12-14,0.00441817493553545
2024-12-15,-0.006380276036161149
2024-12-16,0.015487664182071181
2024-12-17,-0.0043859881326229
2024-12-18,0.004580768013282749
2024-12-19,-0.0419984947238096
2024-12-20,-0.04744646072438115
2024-12-21,-0.00426888873632195
2024-12-22,0.021984265519740802
2024-12-23,-0.0146775973129206
2024-12-24,-0.005310856740841197
2024-12-25,0.029520435919195006
2024-12-26,-4.440549385835023e-05
2024-12-27,-0.029273423337202256
2024-12-28,-0.0083434245814746
2024-12-29,0.014039786597616552
2024-12-30,-0.016010819145211047
2024-12-31,0.0013579887591666454
2025-01-01,0.012735887286418546
2025-01-02,0.0157783235635874
2025-01-03,0.020752192651501397
2025-01-04,-0.010720597544619244
2025-01-05,0.035796012716327194
2025-01-06,-0.021001186466598598
2025-01-07,0.019481018392211297
2025-01-08,-0.03598553081326245
2025-01-09,-0.011207765673388399
2025-01-10,-0.029735855686608997
2025-01-11,0.023800049473675488
2025-01-12,0.007929667974394181
2025-01-13,0.018345756040837054
2025-01-14,0.023820441608912717
2025-01-15,0.023174767202856633
2025-01-16,0.027045408084523527
2025-01-17,0.006374403366028342
2025-01-18,0.042462523294174735
2025-01-19,0.0028205390668768204
2025-01-20,-0.05218910806547155
2025-01-21,-0.010822548297645116
2025-01-22,0.03612325354297123
2025-01-23,-0.009244226086911327
2025-01-24,-0.027075661840590737
2025-01-25,0.004301153210555391
2025-01-26,0.0030625739307100284
2025-01-27,-0.02484063258560007
2025-01-28,0.004209705203084369
2025-01-29,-0.009420088192326946
2025-01-30,0.013377757185999081
2025-01-31,-0.005980894117151199
2025-02-01,-0.021894132390983846
2025-02-02,-0.013190526095860654
2025-02-03,-0.048977537512313284
2025-02-04,0.05317945738649005
2025-02-05,-0.027159801859447403
2025-02-06,-0.03427428509454017
2025-02-07,0.0027203148015445128
2025-02-08,0.009289574007679002
2025-02-09,0.009874652359782875
2025-02-10,-0.006233951464617133
2025-02-11,0.009504169871821035
2025-02-12,-0.0013248390644483316
2025-02-13,0.007191437328530326
2025-02-14,0.0008952192649304136
2025-02-15,0.014082957079200514
2025-02-16,0.005756041772698014
2025-02-17,-0.013433161359921295
2025-02-18,-0.030293193156265177
2025-02-19,-0.00253403429261808
2025-02-20,0.004229863134822091
2025-02-21,0.005186844015951083
2025-02-22,-0.027133745139752207
2025-02-23,-0.0029073852764268
2025-02-24,-0.019204643135353902
2025-02-25,-0.03956270625870571
2025-02-26,-0.009417388415103698
2025-02-27,-0.01401505736219174
2025-02-28,0.02030115355293655
2025-03-01,0.001974604952687198
2025-03-02,0.02466915586789098
